0,1,2,3,4,5,6,7
0.7061689,0.12347886,1.0041997,-0.18196188,-3.668831,1.9441665,1.5843335,-1.2378839
0.9657829,0.13698772,1.3564192,-0.24805106,-4.8668227,2.5863037,2.1786268,-1.6027608
0.7573074,0.13174507,1.0786906,-0.21253334,-3.9496596,2.1045754,1.7113622,-1.3134619
0.47143134,0.11406034,0.6908944,-0.08777781,-2.6552024,1.4717206,1.0342544,-0.9168259
0.81089914,0.13781613,1.1443611,-0.2059444,-4.156599,2.2176197,1.8213382,-1.3771042
0.34513795,0.071365595,0.5050219,-0.087555215,-1.9486152,1.0582898,0.67766786,-0.7079386
0.7020265,0.12917918,0.9999047,-0.18773864,-3.6836128,1.9559029,1.5865504,-1.2300712
0.873168,0.1370045,1.2242414,-0.22236,-4.430105,2.3576615,1.9610728,-1.4670784
0.30053034,0.07662995,0.46313626,-0.09400967,-1.8591307,1.019081,0.63749945,-0.67199457
0.5946835,0.09632638,0.8668296,-0.15435472,-3.1969967,1.7191999,1.302704,-1.0929217
0.49011102,0.10523322,0.71385044,-0.13256761,-2.6815982,1.4288104,1.0747085,-0.93309915
0.78192055,0.13719654,1.1051607,-0.20447715,-4.025737,2.1404889,1.7613549,-1.339782
0.7589983,0.13329896,1.0828594,-0.20126279,-3.939587,2.1076767,1.7098303,-1.312019
0.59512806,0.10159898,0.8673737,-0.16545638,-3.199655,1.6991515,1.3369703,-1.0982128
0.6503258,0.12583256,0.93212223,-0.17610785,-3.4350786,1.8271344,1.4614713,-1.15785
0.7290882,0.13181919,1.0410293,-0.18805878,-3.7951007,2.0277603,1.6388792,-1.2644186
0.6730566,0.10967937,0.9551284,-0.16226538,-3.491355,1.857724,1.484897,-1.1920661
0.52054906,0.120943815,0.7460916,-0.13548599,-2.8113036,1.4991118,1.1487404,-0.96402663
0.5777184,0.11339474,0.82069534,-0.13476005,-3.07023,1.6505655,1.2605758,-1.0422757
0.5987085,0.0946216,0.8503584,-0.13425948,-3.123169,1.6743447,1.2710155,-1.0679517
0.7022852,0.13284472,0.9954676,-0.1895942,-3.6636899,1.9469786,1.5775065,-1.2272857
0.7955266,0.13772163,1.127139,-0.20513375,-4.087811,2.175559,1.7808255,-1.3599534
0.41435117,0.084775925,0.6117784,-0.11468546,-2.3322313,1.2514712,0.8902633,-0.82067305
0.75853634,0.122555315,1.0825107,-0.19553582,-3.9213274,2.0847821,1.7001375,-1.3156365
0.67906725,0.1500647,0.9860274,-0.10427526,-3.578401,1.9997855,1.5360929,-1.2036012
0.5109366,0.103441805,0.7401307,-0.1361752,-2.7842774,1.486178,1.1249512,-0.96117264
0.6318315,0.120856404,0.8962866,-0.17131941,-3.3105443,1.7534072,1.3969697,-1.1229434
0.47360942,0.11240229,0.6879524,-0.10215731,-2.6248322,1.4561778,1.0250522,-0.8953459
0.44693986,0.07352084,0.65882707,-0.11782096,-2.4864082,1.3378971,0.9477786,-0.88520646
0.67843246,0.12822345,0.9597587,-0.18080446,-3.5246797,1.8722311,1.5036944,-1.1783642
0.8431201,0.13549438,1.1891912,-0.21401222,-4.2926016,2.277158,1.8975366,-1.4207333
0.49622896,0.10749039,0.70542294,-0.11912431,-2.6697388,1.4443275,1.0604035,-0.91598725
0.5201026,0.10746494,0.7584233,-0.11132532,-2.859166,1.577886,1.1328906,-0.98273754
0.57211506,0.10977396,0.8223136,-0.14909208,-3.047702,1.6171993,1.267727,-1.0502551
0.65635884,0.12881792,0.9439988,-0.18252642,-3.472638,1.8539182,1.4806104,-1.164303
0.51285875,0.0797078,0.7469284,-0.12590566,-2.7732546,1.4933803,1.0925964,-0.9698154
0.5733299,0.10960567,0.81224865,-0.16083613,-3.0265641,1.5955813,1.2407333,-1.0283597
0.845454,0.1354334,1.1852925,-0.2161737,-4.2824383,2.2767599,1.8844198,-1.4194052
0.6576961,0.1091837,0.945913,-0.16554713,-3.4416666,1.8413372,1.4525228,-1.1681603
0.7113702,0.12101361,1.0152864,-0.18683638,-3.7195568,1.9831235,1.5912797,-1.2446728
0.6689582,0.112562865,0.95525616,-0.16788664,-3.4902265,1.8573716,1.4806556,-1.1825649
0.790655,0.13263503,1.1168772,-0.20306168,-4.0717077,2.164029,1.7775044,-1.3561579
0.7428899,0.1355519,1.0655422,-0.19058914,-3.890427,2.0824049,1.6874145,-1.294588
0.69024885,0.13148725,0.977462,-0.18930109,-3.6101606,1.9226458,1.5516933,-1.2094976
0.65854037,0.09499702,0.9489836,-0.15410566,-3.454573,1.8546851,1.4427402,-1.1792576
0.6271864,0.12638354,0.9027608,-0.15929125,-3.3134522,1.7665704,1.4007407,-1.1190189
0.47488055,0.096618384,0.69902635,-0.12043826,-2.6363864,1.4274387,1.0297521,-0.91289467
0.53217816,0.10746172,0.7895505,-0.12621407,-2.933282,1.6024315,1.1749088,-1.0049866
0.52000093,0.113884956,0.7505215,-0.11820923,-2.830633,1.5449601,1.1313813,-0.96075344
0.5435028,0.09902865,0.79760015,-0.13240531,-2.9822369,1.6289561,1.1973653,-1.016484
0.49008337,0.08649129,0.70581263,-0.12248902,-2.6406083,1.4227501,1.0313733,-0.9173569
0.37609524,0.07869053,0.54538834,-0.087325394,-2.0809846,1.1346226,0.7372683,-0.7383546
0.54923856,0.12956569,0.79212946,-0.1212029,-2.9725008,1.6264809,1.2194217,-1.0077341
0.745003,0.1209141,1.0527579,-0.19256945,-3.8323214,2.034105,1.6604558,-1.2877119
0.7449323,0.14671811,1.0745538,-0.14295064,-3.8866339,2.129532,1.6882784,-1.296621
0.41206917,0.09726676,0.6175653,-0.088906065,-2.3725753,1.3181707,0.89089596,-0.83050436
0.643646,0.1276108,0.9283071,-0.17894581,-3.4464853,1.8360835,1.4661007,-1.1561503
0.7167624,0.12889129,1.0298508,-0.1896558,-3.759009,2.0112352,1.612475,-1.2489316
0.56316507,0.118310004,0.8085478,-0.16097471,-3.0293179,1.6109061,1.2544181,-1.030195
0.48114,0.08203316,0.7082425,-0.13607989,-2.6692357,1.4371177,1.0348421,-0.9288431
0.47388402,0.11318889,0.6923404,-0.13515237,-2.6235764,1.4028357,1.047347,-0.9066793
0.5046096,0.089431286,0.7275004,-0.1282719,-2.721401,1.4553703,1.078272,-0.9450487
0.8192581,0.13615674,1.1646943,-0.20951833,-4.205782,2.2463753,1.8423313,-1.3940917
0.8054534,0.14811373,1.1581651,-0.16111414,-4.147232,2.2654274,1.8192292,-1.3779478
0.6530527,0.10256854,0.9385541,-0.16603029,-3.4265642,1.8275954,1.4392768,-1.1645232
0.74615514,0.12920338,1.067916,-0.19952656,-3.8836794,2.0641084,1.6823853,-1.2946295
0.56736124,0.11786014,0.8195386,-0.15633325,-3.0427742,1.6250983,1.2605294,-1.0356362
0.66173565,0.12456927,0.9396683,-0.17607827,-3.4659948,1.8480854,1.4697986,-1.1675792
0.7143185,0.13474116,1.0213077,-0.18102013,-3.723644,1.9940327,1.6015583,-1.2444327
0.7588937,0.13196772,1.0823823,-0.19978555,-3.93895,2.0980601,1.7159251,-1.315898
0.5246872,0.101623625,0.75989145,-0.12514298,-2.8541615,1.5524327,1.1438581,-0.9759657
0.6519594,0.12032026,0.9419593,-0.181859,-3.4885852,1.8606213,1.4819139,-1.1751769
0.71517384,0.13270155,1.0210133,-0.19761409,-3.7293043,1.9856951,1.609952,-1.2396407
0.5791576,0.15281913,0.8417001,-0.08358541,-3.0959523,1.740955,1.2985406,-1.049032
0.40674415,0.083019346,0.60201424,-0.09814091,-2.2934227,1.2479397,0.8575851,-0.81666934
0.51436293,0.09241077,0.7618065,-0.1332734,-2.83812,1.5395739,1.1254054,-0.98261464
0.6761445,0.119564354,0.9698265,-0.16906245,-3.5471725,1.8984174,1.5045067,-1.194478
0.66499233,0.12874779,0.95074683,-0.18016525,-3.4867911,1.85199,1.4831668,-1.1732926
0.6001719,0.12101376,0.87473553,-0.14001614,-3.2707314,1.8078175,1.3349203,-1.0931513
0.6403023,0.12844029,0.9189436,-0.17252004,-3.397009,1.8206724,1.4349961,-1.1417525
0.8089415,0.13461027,1.1466218,-0.21543287,-4.1634912,2.2142937,1.8283294,-1.3828168
0.45362207,0.08573279,0.67509824,-0.12253691,-2.5766807,1.3959293,0.99381554,-0.900668
0.7798084,0.1341829,1.1030828,-0.19750871,-4.0255594,2.1514428,1.7503058,-1.3348315
0.42643288,0.071253434,0.6277523,-0.11679955,-2.3952334,1.2899835,0.8998349,-0.8497594
0.7325882,0.12408197,1.0327746,-0.1987993,-3.761753,1.9914111,1.6183702,-1.2561762
0.7893928,0.12780997,1.1065959,-0.20771529,-4.0262146,2.1261985,1.7605765,-1.3453486
0.6713084,0.11998308,0.95350474,-0.17424893,-3.4831414,1.8495709,1.479153,-1.1734726
0.62900984,0.13104847,0.9058564,-0.17070402,-3.3395457,1.7858706,1.4090668,-1.122374
0.76154244,0.13087031,1.0793682,-0.20016803,-3.9256551,2.0822268,1.70861,-1.3122896
0.5009999,0.11492598,0.7474319,-0.10347271,-2.8369443,1.5844679,1.1242114,-0.9782632
0.7057861,0.13705647,1.0012194,-0.19156493,-3.6740127,1.9565715,1.5851868,-1.2254508
0.544546,0.08522841,0.80231744,-0.13632576,-2.9445562,1.5900816,1.178208,-1.0198778
0.43012795,0.07816951,0.6464252,-0.123035505,-2.4742491,1.3502479,0.92707276,-0.86245304
0.78915036,0.13413402,1.1195565,-0.19600265,-4.048931,2.1641524,1.7654868,-1.343984
0.7997247,0.13879713,1.1479748,-0.21155195,-4.156233,2.2164228,1.8231037,-1.3807421
0.79194343,0.13279071,1.1263767,-0.19818522,-4.0926228,2.1803894,1.7953006,-1.3647779
0.7256577,0.10967228,1.0528445,-0.17767534,-3.8085003,2.0447407,1.626203,-1.2856811
0.6728109,0.123155445,0.941284,-0.16688369,-3.4887905,1.8642894,1.4822,-1.17289
0.7847371,0.13622344,1.1108435,-0.20430438,-4.038224,2.1475646,1.7634429,-1.3406029
0.70239174,0.122528374,0.99467117,-0.16053547,-3.6593556,1.9806693,1.5494248,-1.2188814
0.79532707,0.13530079,1.1134979,-0.20567806,-4.060309,2.1505892,1.7771608,-1.3513911
0.65634716,0.12080476,0.9294763,-0.17664038,-3.4302733,1.8158073,1.4599651,-1.1608365
0.78024876,0.13625017,1.117126,-0.20993744,-4.0438814,2.1513805,1.7629603,-1.3399352
0.782879,0.12911674,1.1066873,-0.19321187,-4.0133123,2.1374774,1.7515286,-1.33667
0.676273,0.12153116,0.9449931,-0.17947309,-3.491158,1.8461639,1.4919897,-1.1808325
0.5073651,0.08314571,0.727986,-0.12120907,-2.7103653,1.4537332,1.06105,-0.9457239
0.7727833,0.14340597,1.1020738,-0.15502752,-4.0016184,2.1758888,1.7475151,-1.3331032
0.66282153,0.11209071,0.95886785,-0.14443834,-3.5169134,1.9109114,1.4806668,-1.18992
0.69456136,0.12914285,0.9882367,-0.17396414,-3.6245599,1.9412712,1.553692,-1.2181329
0.6044835,0.12454468,0.8698917,-0.15649964,-3.2235007,1.7203971,1.3612089,-1.0963135
0.44319814,0.10130063,0.657306,-0.09658459,-2.5313532,1.4073304,0.96695125,-0.8807452
0.5079206,0.10845095,0.7430169,-0.10368253,-2.8117247,1.5618566,1.1052288,-0.96246326
0.5928227,0.0959959,0.87192565,-0.1498277,-3.2208128,1.7386609,1.3153242,-1.1038063
0.64928937,0.12105429,0.931302,-0.16768412,-3.4181361,1.8195713,1.4525512,-1.1513435
0.5199071,0.10800487,0.7580002,-0.11223765,-2.868621,1.589951,1.1356431,-0.9734843
0.6689453,0.11014703,0.9614373,-0.18220226,-3.5225298,1.8673743,1.4985396,-1.1927595
0.5679095,0.11398804,0.821889,-0.15533991,-3.054244,1.6207565,1.2654012,-1.042628
0.758978,0.12990361,1.0853565,-0.2039163,-3.958796,2.1108153,1.7310907,-1.3216325
0.54734814,0.084852934,0.80702025,-0.13826853,-2.967761,1.596164,1.1925099,-1.0329604
0.452862,0.09855798,0.67647284,-0.11144142,-2.5930884,1.4339771,0.99951756,-0.89013296
0.7866554,0.11006567,1.1250843,-0.18559144,-4.0766215,2.1896746,1.7611116,-1.3769752
0.45377287,0.078889385,0.66570264,-0.10724124,-2.493288,1.3524984,0.95682204,-0.88234144
0.6210164,0.12477088,0.892316,-0.17218044,-3.302199,1.7537675,1.3928186,-1.112211
0.80859196,0.13709423,1.1420838,-0.20225652,-4.142819,2.200035,1.8131484,-1.3797135
0.7904351,0.13673562,1.1200337,-0.19905089,-4.069658,2.1685538,1.7854398,-1.3573719
0.7542623,0.13809371,1.0660177,-0.1900854,-3.9052448,2.0834997,1.7028164,-1.3063065
0.6898266,0.13081509,0.97765964,-0.1701283,-3.5887246,1.9194361,1.5425118,-1.2023962
0.8063364,0.13124046,1.1494713,-0.17767663,-4.1466327,2.2389,1.812554,-1.377953
0.7761346,0.13197258,1.0892673,-0.20764361,-3.9670122,2.0983267,1.7287879,-1.3173075
0.38756588,0.069689915,0.572699,-0.110736206,-2.1912563,1.1947607,0.7883626,-0.7807752
0.71627307,0.13289848,1.014105,-0.1917399,-3.7328644,1.9815611,1.6170611,-1.2541506
0.73988414,0.12803009,1.0597976,-0.19957347,-3.8677683,2.060989,1.6703806,-1.2890275
0.8668914,0.15261987,1.2388119,-0.16726127,-4.449635,2.4320476,1.97968,-1.4746294
0.5592748,0.1122922,0.80321485,-0.14720324,-2.9791164,1.5826396,1.2241294,-1.0170217
0.42100337,0.09484649,0.5988549,-0.110572085,-2.318214,1.2361995,0.88491464,-0.8157761
0.7605643,0.13660452,1.0908471,-0.20457198,-3.9745953,2.1233802,1.7295336,-1.3186679
0.5252352,0.103081375,0.7554862,-0.14304015,-2.8231595,1.500193,1.1448061,-0.96740484
0.91508806,0.1470752,1.2879068,-0.22497942,-4.6138086,2.4598553,2.051753,-1.5210855
0.58629525,0.10519007,0.85038346,-0.15232597,-3.1785512,1.7170603,1.3074046,-1.0781063
0.6921271,0.13665333,0.9743157,-0.17659283,-3.5928445,1.9148543,1.5422701,-1.2059518
0.7187556,0.11421603,1.0229312,-0.18219651,-3.714491,1.9700273,1.5971879,-1.2541206
0.39338693,0.08035067,0.5945914,-0.105846435,-2.2849612,1.2498274,0.8481723,-0.81160915
0.891489,0.13208348,1.2535731,-0.22394805,-4.5149107,2.400645,1.9958936,-1.4971639
0.8310832,0.13348666,1.1823677,-0.21308656,-4.27428,2.2789211,1.8768646,-1.4198921
0.7178602,0.13852254,1.0097413,-0.18743901,-3.710413,1.9712776,1.6033224,-1.2406576
0.659763,0.12871084,0.9411668,-0.17759146,-3.463402,1.8416196,1.4715573,-1.1612829
0.5130265,0.107911915,0.76105434,-0.108296305,-2.8731418,1.594677,1.1440185,-0.98084855
0.76105165,0.1355125,1.0831043,-0.18680318,-3.9295948,2.0991654,1.7088894,-1.3150884
0.6478646,0.12318519,0.93729466,-0.17637429,-3.4327207,1.8243955,1.4557837,-1.1568785
0.5403495,0.11534983,0.7723925,-0.1497794,-2.9109344,1.5526713,1.1926789,-0.9933325
0.64630437,0.112552494,0.9271561,-0.1645119,-3.388042,1.801252,1.4347078,-1.1500784
0.8168069,0.13404006,1.1540796,-0.2123148,-4.1779146,2.2211244,1.8312352,-1.3865662
0.50122106,0.1078985,0.74455994,-0.11642547,-2.8468156,1.5817413,1.1251338,-0.9687983
0.3967038,0.07625893,0.5911105,-0.0971009,-2.2454443,1.2237792,0.82993275,-0.8038249
0.8235116,0.14127007,1.1568383,-0.2130086,-4.202426,2.2325249,1.8467859,-1.3921764
0.7066294,0.118438035,1.0172192,-0.18912424,-3.7140791,1.9734753,1.5955545,-1.2505237
0.41605708,0.07243095,0.6173784,-0.1100142,-2.3542,1.2778387,0.87468517,-0.82728755
0.72859573,0.1313659,1.0503377,-0.19886671,-3.8261542,2.0434701,1.6596867,-1.2744613
0.47127065,0.0840123,0.691803,-0.12163071,-2.586159,1.3886055,1.0008284,-0.9015965
0.672907,0.12783304,0.97632426,-0.18513437,-3.619299,1.9493037,1.5356132,-1.2074509
0.7046106,0.1483917,1.0139966,-0.11798799,-3.6786718,2.0430138,1.5805035,-1.2258235
0.85783637,0.13720974,1.2147441,-0.21477212,-4.376256,2.3331518,1.9357,-1.4520975
0.66454625,0.12288058,0.955996,-0.17668156,-3.5103905,1.8650998,1.5061293,-1.181969
0.45292303,0.09145883,0.6714113,-0.121594384,-2.5504694,1.3814204,0.99049294,-0.88529396
0.527318,0.100506335,0.7631291,-0.12910528,-2.886609,1.5754923,1.1517549,-0.98355985
0.64774597,0.12339854,0.9331606,-0.1757053,-3.43538,1.8307064,1.4646739,-1.1590436
0.7916086,0.13191581,1.1202136,-0.20531751,-4.0606976,2.1536264,1.7708689,-1.3517816
0.74447095,0.12404731,1.0652213,-0.1983044,-3.8724034,2.0631268,1.6781725,-1.292927
0.8551259,0.13748297,1.1996303,-0.21384381,-4.32371,2.298076,1.9049453,-1.4308925
0.5053059,0.14215395,0.74511784,-0.071836784,-2.7802057,1.5761504,1.1403719,-0.9497385
0.70254064,0.12936088,1.0052041,-0.1811191,-3.6716611,1.9676334,1.5758142,-1.2242676
0.5792581,0.1525889,0.85218817,-0.07994652,-3.1496215,1.778556,1.3309987,-1.0721769
0.8645116,0.1306507,1.2177626,-0.21580951,-4.3966403,2.3349228,1.9434758,-1.4640727
0.58370936,0.11514941,0.83530176,-0.16098148,-3.1169133,1.6563709,1.2972109,-1.0584044
0.60710025,0.12663305,0.8565207,-0.13416682,-3.1791656,1.7214172,1.319165,-1.0716114
0.4589285,0.090554565,0.6831817,-0.12627803,-2.6193166,1.4286038,1.0097224,-0.90244114
0.7745539,0.13124219,1.093966,-0.2060967,-3.9766927,2.1126318,1.727956,-1.3193558
0.6997379,0.124423146,1.0015048,-0.18915392,-3.6743958,1.9508675,1.5771104,-1.2308583
0.6441119,0.119267106,0.9146609,-0.16888164,-3.3780851,1.7983508,1.4317995,-1.1372668
0.5872654,0.09492472,0.85443884,-0.15728727,-3.1466217,1.6757909,1.2946483,-1.0834707
0.55564225,0.11295289,0.8027697,-0.15046163,-2.9788756,1.5911676,1.2227405,-1.0136529
0.55041134,0.11772129,0.8171026,-0.116475984,-3.059147,1.7063366,1.2298621,-1.032691
0.43253392,0.08019385,0.6465183,-0.11908163,-2.4572783,1.3287159,0.92826736,-0.8675472
0.52933383,0.080482274,0.77966154,-0.13660108,-2.888403,1.5558203,1.142155,-1.006374
0.53816044,0.105606556,0.7679818,-0.1291251,-2.8833768,1.5595533,1.1623296,-0.98319036
0.5438067,0.1019713,0.8091954,-0.13165158,-3.03325,1.6651024,1.2143674,-1.0332565
0.7019222,0.12384632,1.0054103,-0.19217454,-3.6652641,1.9491845,1.574321,-1.2271125
0.69874525,0.1270766,0.9953566,-0.18686278,-3.6553426,1.9441394,1.5674995,-1.2229702
0.705634,0.12774837,0.9939886,-0.17952496,-3.6418693,1.9325999,1.5660402,-1.2199812
0.36299035,0.07370639,0.5416755,-0.094993785,-2.0948946,1.1433951,0.74243754,-0.75163364
0.6538559,0.13177243,0.9218117,-0.17394611,-3.4089909,1.8107604,1.4478406,-1.1445701
0.5593091,0.14749292,0.8215596,-0.07411252,-3.0409393,1.7154534,1.2683969,-1.032501
0.73882484,0.13206005,1.0530875,-0.19626613,-3.8526883,2.0547378,1.666886,-1.2851952
0.38575062,0.06735143,0.5527197,-0.1018662,-2.1294045,1.1428742,0.7647379,-0.76553434
0.62015975,0.10009605,0.8880969,-0.15850912,-3.26017,1.7339243,1.3596666,-1.1162586
0.47645155,0.09275061,0.7015092,-0.12198317,-2.6416025,1.4189118,1.0419009,-0.9219438
0.5884793,0.14590049,0.85923964,-0.100151315,-3.1809757,1.7770227,1.3314564,-1.0683134
0.89841914,0.14028081,1.2654115,-0.231961,-4.566167,2.429878,2.0294077,-1.511081
0.7305279,0.13058797,1.03951,-0.19959001,-3.7921548,2.0117238,1.6396807,-1.2664796
0.7503251,0.12943426,1.0635021,-0.1957464,-3.8901389,2.0679922,1.6946434,-1.3023065
0.43458033,0.0947462,0.63959885,-0.10532877,-2.4394174,1.3325183,0.92489564,-0.84411526
0.7523117,0.13576153,1.0666486,-0.2002152,-3.9032598,2.0687354,1.700876,-1.3038815
0.47594646,0.0814203,0.6961666,-0.121426925,-2.589776,1.3940085,1.0041416,-0.9128372
0.7288717,0.13195619,1.0423094,-0.19290026,-3.8154383,2.0370648,1.6513096,-1.2731066
0.8941151,0.14487597,1.2668358,-0.23150389,-4.551057,2.4231818,2.0234485,-1.5018227
0.74304724,0.12724099,1.0602713,-0.1958253,-3.8563266,2.0477,1.6714517,-1.2937611
0.5642494,0.09682724,0.809525,-0.13275571,-3.0531893,1.6565257,1.2404444,-1.0458716
0.5545877,0.1210275,0.7984799,-0.1533985,-2.9942367,1.5966212,1.2423043,-1.0209423
0.49878863,0.08930078,0.73361176,-0.123959765,-2.7480469,1.4885095,1.0823673,-0.9492739
0.7577394,0.1293976,1.0766871,-0.1999832,-3.9219756,2.0840673,1.7050725,-1.306398
0.75216734,0.1224843,1.0863825,-0.19057353,-3.918113,2.0824578,1.7066616,-1.3148627
0.758765,0.13473973,1.0827432,-0.19821842,-3.9228623,2.088077,1.7107766,-1.3076643
0.5214344,0.09592688,0.7618697,-0.12394269,-2.8323948,1.5307786,1.122352,-0.986593
0.54613066,0.101804376,0.79593015,-0.12894078,-2.972464,1.6091065,1.1989741,-1.023588
0.7679447,0.128019,1.094083,-0.19970138,-3.9870539,2.1265209,1.7281626,-1.3248421
0.6653131,0.12783253,0.96413904,-0.18756022,-3.5371058,1.8818786,1.50455,-1.1866316
0.40164918,0.069717914,0.6118555,-0.109052345,-2.297858,1.2495997,0.8440577,-0.81904554
0.7691537,0.1291723,1.0904073,-0.19824846,-3.9574409,2.1010256,1.7235768,-1.3217751
0.55330694,0.10977942,0.8243974,-0.1369282,-3.096318,1.7080603,1.2476342,-1.0426006
0.5129621,0.15240496,0.74859697,-0.06833559,-2.7732038,1.5703086,1.1377321,-0.9433016
0.5998814,0.08971849,0.8696042,-0.15180345,-3.17489,1.7006261,1.2970334,-1.09025
0.7670851,0.136596,1.0825398,-0.20531113,-3.9449456,2.098775,1.7190536,-1.3119378
0.5444002,0.09105393,0.7842129,-0.12765412,-2.9289858,1.5733073,1.1791893,-1.0158519
0.7245709,0.11527941,1.0381057,-0.18110587,-3.7835586,2.0192964,1.6255338,-1.2718433
0.71206367,0.11425969,1.0110455,-0.18135366,-3.6788282,1.9589419,1.569712,-1.2351567
0.6732464,0.12456265,0.9530632,-0.17308521,-3.5178225,1.8670648,1.5047741,-1.1849043
0.53864694,0.08943516,0.78644806,-0.1373621,-2.9076035,1.5630206,1.1711632,-1.008559
0.5093256,0.12081358,0.7247514,-0.114057586,-2.7573552,1.5095117,1.0923988,-0.94226265
0.47123238,0.107838765,0.6591175,-0.13210067,-2.5432057,1.3532711,1.0085864,-0.8759514
0.65649974,0.124975026,0.9297871,-0.16474696,-3.423334,1.8249738,1.4620031,-1.1568627
0.51864016,0.103547156,0.7602945,-0.11561352,-2.8576813,1.5764649,1.1301839,-0.9776156
0.795601,0.1332987,1.1361924,-0.21403067,-4.1361065,2.2089858,1.8081745,-1.372543
0.66992843,0.13463905,0.9686125,-0.13611807,-3.534379,1.9310093,1.5135487,-1.187652
0.2694449,0.06962071,0.41720626,-0.07911123,-1.674121,0.92255807,0.53674954,-0.6169362
0.61504936,0.12822166,0.88635635,-0.12676302,-3.3085794,1.8206648,1.3673735,-1.1136022
0.7633004,0.13481537,1.081428,-0.20492645,-3.955534,2.1067336,1.7282661,-1.3159004
0.79115653,0.13461584,1.1238885,-0.19760333,-4.078476,2.1766717,1.7898914,-1.3574921
0.8182899,0.12498817,1.153884,-0.20358957,-4.1545568,2.2058399,1.8158631,-1.3911724
0.71856236,0.12611917,1.0230352,-0.19057448,-3.729641,1.9841915,1.6039962,-1.2508104
0.7502847,0.13426048,1.069706,-0.20645465,-3.9248555,2.0954332,1.7059294,-1.3065484
0.60113275,0.095784634,0.87506443,-0.14819752,-3.2074971,1.7310218,1.3104261,-1.0948822
0.8229593,0.13997334,1.1766403,-0.21421276,-4.2566576,2.2775576,1.8684362,-1.4103535
0.79428256,0.13514084,1.1202272,-0.20411558,-4.075791,2.1645055,1.7871436,-1.357509
0.5943589,0.11447546,0.85539323,-0.16158481,-3.1760516,1.690671,1.3253322,-1.0765097
0.7453071,0.120695174,1.0628179,-0.19709308,-3.871557,2.0578144,1.6833035,-1.3018728
0.41352,0.08622271,0.6204871,-0.109249815,-2.3745832,1.291592,0.894714,-0.8418991
0.5145316,0.10813537,0.73824495,-0.14646465,-2.7809186,1.4803258,1.1274863,-0.9564509
0.8101251,0.1364859,1.1332678,-0.2072633,-4.1268067,2.1906025,1.8105725,-1.3718868
0.7440649,0.12870657,1.0638205,-0.1999978,-3.8728893,2.0524378,1.6847913,-1.300889
0.4459475,0.07553172,0.6546677,-0.11431332,-2.465111,1.3311049,0.94135106,-0.87244236
0.5255548,0.093174815,0.77146804,-0.130863,-2.8723834,1.5573653,1.1403192,-0.99095166
0.52177,0.1020439,0.76655143,-0.11159746,-2.880485,1.588916,1.1360196,-0.9841925
0.66540277,0.118624896,0.9492225,-0.1778094,-3.481709,1.8496279,1.4826713,-1.175809
0.8037703,0.12978843,1.1448681,-0.20859204,-4.1567087,2.2126715,1.8214909,-1.3827169
0.5830623,0.11872423,0.83021986,-0.1615964,-3.0724685,1.6301702,1.2790165,-1.0483605
0.6622586,0.12461051,0.9577747,-0.18556009,-3.50617,1.8615854,1.4907466,-1.1757884
0.43567985,0.07423508,0.65333766,-0.11018284,-2.4479966,1.3294657,0.92874205,-0.86482006
0.7025926,0.12493867,0.98929626,-0.18705519,-3.629585,1.9248463,1.5584778,-1.2111956
0.60669136,0.12336105,0.8862542,-0.1341611,-3.2906916,1.8217063,1.34814,-1.1058432
0.6441847,0.11760655,0.92942864,-0.16524182,-3.4037406,1.8123015,1.4429355,-1.1534661
1.0486711,0.15092054,1.4789032,-0.27258956,-5.2751694,2.8106601,2.3783891,-1.7216876
0.6764902,0.12632766,0.9589943,-0.18873106,-3.538796,1.8800228,1.5082345,-1.1802201
0.6350589,0.122225136,0.9089115,-0.17765571,-3.3464165,1.7757068,1.4173412,-1.1271601
0.61929893,0.12644467,0.905952,-0.1378841,-3.3868337,1.871264,1.4017825,-1.1412401
0.8587396,0.1340217,1.2069622,-0.21537326,-4.3591413,2.3195028,1.9204892,-1.4455332
0.77320397,0.12734586,1.0982156,-0.20196493,-3.9837935,2.1140974,1.7404126,-1.3346144
0.5631627,0.11237723,0.812573,-0.15870397,-3.0248284,1.6074188,1.2458963,-1.0281322
0.5761024,0.11104354,0.81963336,-0.15599228,-3.01051,1.5951709,1.2331132,-1.0271301
0.6527755,0.11991075,0.93222505,-0.17308116,-3.4206223,1.8151838,1.4519079,-1.1543615
0.48044297,0.08763528,0.7089418,-0.12637866,-2.660151,1.4333062,1.0513145,-0.92898464
0.63984346,0.114278644,0.91725177,-0.1709561,-3.3795066,1.799724,1.4298282,-1.1419489
0.62617064,0.12031394,0.89908826,-0.16884182,-3.309132,1.7585177,1.3987899,-1.1195052
0.59665763,0.116859436,0.8534814,-0.16524248,-3.1618028,1.6771642,1.3205202,-1.0742004
0.46564153,0.10304099,0.7041643,-0.13552347,-2.6877086,1.4658748,1.052674,-0.9230793
0.50192,0.09129575,0.7368368,-0.13084693,-2.751203,1.4804589,1.0970914,-0.955243
0.7485827,0.13936913,1.0524694,-0.17945017,-3.8655348,2.0788088,1.6676009,-1.2815638
0.62880194,0.111947685,0.9029326,-0.17539452,-3.3279057,1.7661375,1.4017954,-1.1241691
0.682057,0.11962655,0.9651883,-0.17530352,-3.5324357,1.8868654,1.4977458,-1.1903
0.7883806,0.13571683,1.1178895,-0.20299532,-4.057137,2.160411,1.7765929,-1.352895
0.64013827,0.12181547,0.91590333,-0.1802997,-3.3841445,1.7978673,1.4317931,-1.144266
0.6487942,0.1268143,0.92545813,-0.17481206,-3.4202976,1.8192483,1.4528722,-1.1504171
0.5759419,0.11090073,0.8374426,-0.12844808,-3.1144655,1.69951,1.2671536,-1.0525715
0.71270263,0.16037902,1.0312105,-0.10973661,-3.73234,2.0842612,1.6174957,-1.2423178
0.8465651,0.13288721,1.188747,-0.22360457,-4.310123,2.287652,1.9000503,-1.4310622
0.4479274,0.074924916,0.6454256,-0.10906838,-2.4242382,1.303537,0.9116944,-0.8583708
0.34357446,0.06963968,0.525034,-0.09451251,-2.0275645,1.1064196,0.7097558,-0.7364175
0.47407135,0.091629446,0.6825132,-0.102070436,-2.5900779,1.4092897,1.0018841,-0.9030248
0.50075793,0.109303,0.74710435,-0.10912202,-2.8182795,1.5678437,1.1157278,-0.9675454
0.4294931,0.0749325,0.6436567,-0.12258001,-2.449367,1.323773,0.92865705,-0.8641553
0.6278945,0.13363567,0.88935655,-0.14636928,-3.3137846,1.8037968,1.3798676,-1.1018608
0.31945378,0.09147574,0.4804554,-0.069208145,-1.9404644,1.0932251,0.67662203,-0.69661313
0.6585009,0.11679253,0.9520555,-0.18301825,-3.5139155,1.8791115,1.4826075,-1.1804984
0.40035865,0.06920202,0.5964172,-0.10689922,-2.2713697,1.2346371,0.83116794,-0.81344664
0.42110148,0.0891033,0.6186322,-0.104561776,-2.3716674,1.2935189,0.89514196,-0.8341153
0.6993524,0.11895913,1.004671,-0.19081159,-3.6790438,1.9527355,1.5761698,-1.2374537
0.5368476,0.084394485,0.80559343,-0.12932767,-2.9720702,1.6129771,1.1881394,-1.031572
0.6860231,0.1282849,0.9811532,-0.1904973,-3.5972462,1.9102333,1.5390612,-1.2045255
0.37309912,0.07439172,0.55334413,-0.0907141,-2.1284518,1.1536676,0.76918733,-0.7730259
0.540792,0.0797759,0.7830817,-0.13297847,-2.915751,1.56882,1.1653252,-1.0108349
0.7090622,0.1354981,1.0122132,-0.18294443,-3.7181368,1.9944942,1.597133,-1.236467
0.60276294,0.09514296,0.871267,-0.13520618,-3.1972897,1.7279328,1.30732,-1.096308
0.5115402,0.08359051,0.7405627,-0.11485557,-2.7344422,1.477256,1.0748276,-0.95436287
0.8020108,0.13361394,1.1270002,-0.20312424,-4.09655,2.1705894,1.7939447,-1.365837
0.7641442,0.14238623,1.0824518,-0.14721435,-3.935703,2.1505945,1.7040082,-1.3141469
0.5764723,0.10322389,0.85085905,-0.14506672,-3.1386518,1.705797,1.2771113,-1.0688943
0.65023935,0.1171366,0.93439287,-0.18242224,-3.4475527,1.8269992,1.462664,-1.1611471
0.5075027,0.1485003,0.7513134,-0.06262514,-2.788715,1.5875763,1.1510242,-0.9512257
0.54943144,0.09552255,0.798671,-0.14533079,-2.9778726,1.6009029,1.1976901,-1.0210137
0.5275916,0.092398524,0.7862858,-0.1289364,-2.927327,1.5990499,1.1699654,-1.003943
0.63828063,0.12460214,0.9109536,-0.17500387,-3.354258,1.7776005,1.416667,-1.1314803
0.8335432,0.13693601,1.1772687,-0.21549995,-4.2694945,2.2802117,1.8722056,-1.4132445
0.55440533,0.10994959,0.8036048,-0.14970683,-3.0007758,1.5987707,1.2376244,-1.0246873
0.65528846,0.13533917,0.9302934,-0.16474597,-3.430824,1.8308232,1.4639677,-1.1561489
0.37360588,0.07908085,0.5544871,-0.091705784,-2.1132326,1.1481717,0.77090645,-0.7669028
0.604079,0.11127049,0.8816351,-0.14557225,-3.2689183,1.781592,1.3398212,-1.1028814
0.75409496,0.12666106,1.0677828,-0.19199179,-3.8915765,2.066137,1.689722,-1.3055067
0.6413188,0.102255285,0.9244353,-0.15212679,-3.3970006,1.8381155,1.4132496,-1.1471219
0.7728014,0.13316935,1.1043078,-0.19671349,-3.9970474,2.1303668,1.7435243,-1.3315138
0.5587487,0.12098247,0.79965764,-0.14837234,-2.9866595,1.5912476,1.236224,-1.0174501
0.6572039,0.11685112,0.9498561,-0.18156968,-3.491094,1.8636531,1.4869429,-1.1816258
0.3560749,0.07271443,0.52394545,-0.08701126,-2.0171804,1.0930754,0.7168381,-0.7322204
0.6785859,0.13287568,0.96233326,-0.1784596,-3.5412648,1.8855373,1.5181179,-1.1851143
0.53892565,0.086842805,0.7782252,-0.13151431,-2.890259,1.5519098,1.1576059,-1.0023465
0.7242502,0.13694659,1.0540793,-0.15494944,-3.8313177,2.1015782,1.6535228,-1.2784508
0.4016313,0.07381803,0.5921618,-0.089681014,-2.237286,1.2092518,0.8286959,-0.80675703
0.8390019,0.14452693,1.1787077,-0.20936514,-4.2636895,2.2754185,1.8736552,-1.4067233
0.4497855,0.08213496,0.66362566,-0.119316295,-2.5103595,1.3559324,0.9629811,-0.87815905
0.6882317,0.118938595,0.99227554,-0.18025318,-3.6248605,1.9380915,1.5449883,-1.2185737
0.5772605,0.14413333,0.8398389,-0.08883496,-3.0943136,1.7407734,1.2925173,-1.0450294
0.49428532,0.09825015,0.72437245,-0.13909453,-2.7334461,1.4691043,1.0808787,-0.94222283
0.5895245,0.10349023,0.855058,-0.14455666,-3.1484919,1.6807896,1.3100127,-1.0785677
0.52819717,0.10122651,0.7756805,-0.16010469,-2.9406176,1.5834305,1.1831628,-0.9993348
0.79192305,0.13358286,1.116487,-0.20322789,-4.0647902,2.1550603,1.7828832,-1.3567983
0.6096077,0.11135915,0.87163746,-0.158679,-3.2090595,1.7113467,1.3371302,-1.0902795
0.63071907,0.12731242,0.8978173,-0.15972596,-3.321165,1.7689759,1.4101049,-1.1236031
0.43804422,0.079283714,0.6515034,-0.10434966,-2.4409604,1.3358638,0.9225184,-0.85666823
0.4562635,0.10804653,0.6737604,-0.11292711,-2.581926,1.4210111,1.0045352,-0.8837867
0.47228,0.121168345,0.7091777,-0.09473987,-2.6965084,1.5173299,1.0535018,-0.9220925
0.9112773,0.14782146,1.2854577,-0.22701396,-4.636897,2.4776075,2.0698404,-1.5309206
0.46330014,0.087280005,0.6910414,-0.119598255,-2.600062,1.4161355,1.0042516,-0.91021967
0.620849,0.11972615,0.88555515,-0.16958286,-3.282188,1.7416298,1.386765,-1.1137567
0.62307465,0.09914288,0.90449417,-0.15540028,-3.3149538,1.7770237,1.3849981,-1.1345984
0.7347145,0.13269278,1.0515432,-0.19716431,-3.8382478,2.0506697,1.6637156,-1.2838931
0.36863443,0.073870674,0.5507423,-0.097424,-2.1084635,1.144718,0.7614318,-0.7511869
0.53850746,0.105032325,0.7865926,-0.12982132,-2.9630668,1.6232208,1.1867303,-1.0058706
0.70054305,0.1250157,0.99885243,-0.19043474,-3.6588154,1.9427214,1.5742624,-1.2301755
0.6824615,0.12364742,0.9773727,-0.17568383,-3.6057463,1.9207257,1.5460536,-1.2121238
0.504683,0.08726549,0.74338037,-0.12395859,-2.7406635,1.4857494,1.0772811,-0.9579072
0.6548232,0.12887654,0.93642527,-0.17107294,-3.4449916,1.829489,1.4676011,-1.165703
0.62279606,0.09018463,0.8907736,-0.14710014,-3.2490525,1.7409598,1.3292276,-1.1099992
0.3498161,0.06771287,0.51865244,-0.08392869,-2.0049245,1.0927362,0.7111057,-0.7353573
0.84949267,0.13888922,1.1978284,-0.22327395,-4.334731,2.305499,1.911723,-1.4332638
0.68902135,0.12468055,0.9841946,-0.19132642,-3.6046627,1.9116029,1.5468483,-1.2101388
0.6852845,0.13092858,0.9785535,-0.19063415,-3.594262,1.9164943,1.5395863,-1.2032075
0.5685699,0.11099416,0.82079214,-0.15870844,-3.0454378,1.6175659,1.2607845,-1.0375087
0.7292259,0.1252847,1.0168663,-0.19066648,-3.7119606,1.9635202,1.6003929,-1.2415276
0.90229154,0.13459918,1.2787963,-0.21936418,-4.581574,2.4450428,2.028835,-1.515721
0.43043515,0.10579285,0.6240288,-0.094434395,-2.4010024,1.3173907,0.91422427,-0.8362393
0.6747116,0.12422845,0.9551247,-0.18562593,-3.5145893,1.8603007,1.5001862,-1.1805091
0.6782584,0.10414031,0.97909576,-0.16009443,-3.59318,1.9514565,1.4990284,-1.2141848
0.44627032,0.08733337,0.6627893,-0.12665804,-2.5222979,1.359424,0.97584426,-0.8813293
0.5875989,0.09477839,0.8503518,-0.13290861,-3.106415,1.684245,1.2695304,-1.0647714
0.6829088,0.12031099,0.9822025,-0.18885387,-3.6080046,1.9163802,1.5437379,-1.2116586
0.689878,0.099919915,1.0081382,-0.1708967,-3.6642613,1.9758108,1.5399967,-1.2382414
0.6532396,0.11961591,0.9410148,-0.15380047,-3.4566069,1.8706577,1.4630276,-1.1669517
0.5077199,0.10664901,0.731759,-0.14225315,-2.7768755,1.4789065,1.1246532,-0.9569016
0.57745576,0.10735467,0.8329591,-0.16071562,-3.1075284,1.6540852,1.2786359,-1.0554218
0.48309854,0.080522686,0.7028021,-0.12351869,-2.631856,1.4221461,1.0206683,-0.9144514
0.5431286,0.11846581,0.7884097,-0.15849508,-2.9727178,1.5868853,1.2248219,-1.0126313
0.6899921,0.1211814,0.9778784,-0.17974375,-3.5806608,1.8956255,1.5344822,-1.2073088
0.7636616,0.13750175,1.0951144,-0.20258959,-3.97389,2.116675,1.7331495,-1.3258142
0.76416767,0.13368425,1.0834316,-0.19712023,-3.9400764,2.098015,1.71775,-1.3143482
0.6421691,0.11449659,0.92281073,-0.16025962,-3.3649764,1.7951306,1.4154621,-1.1360152
0.630793,0.15837911,0.9190876,-0.08344446,-3.346178,1.8788114,1.429409,-1.1291308
0.72777236,0.124162495,1.042273,-0.20791896,-3.83046,2.0391188,1.6553367,-1.2774262
0.55835617,0.110191524,0.8068003,-0.14532365,-3.000852,1.6022009,1.2341325,-1.0292637
0.58351576,0.10008901,0.8451498,-0.13970074,-3.1086717,1.6796585,1.2594558,-1.0649812
0.5446944,0.09585169,0.79078597,-0.13639961,-2.9428067,1.5871478,1.1793514,-1.0054505
0.6235533,0.10805285,0.8915115,-0.1624039,-3.2662606,1.7350765,1.3654462,-1.1112545
0.6155542,0.10572514,0.88986766,-0.16229299,-3.2804968,1.7527031,1.3714741,-1.1135721
0.5624542,0.1524818,0.81616443,-0.079567134,-3.0277374,1.7004145,1.2648269,-1.023242
0.6644131,0.10861662,0.945453,-0.17163783,-3.481109,1.8546855,1.4745564,-1.1832689
0.61346054,0.12157413,0.8841041,-0.16633241,-3.2581384,1.735202,1.3697033,-1.1067729
0.79064715,0.1317701,1.1235391,-0.21633641,-4.0794125,2.165991,1.7871658,-1.3543849
0.5021324,0.08825016,0.7445599,-0.12218656,-2.7556894,1.4961339,1.0848589,-0.9584359
0.63355875,0.104071885,0.9093094,-0.1609502,-3.3444946,1.7820554,1.4011042,-1.1380899
0.9935608,0.14832118,1.3903178,-0.24667369,-4.9838066,2.6556616,2.2378016,-1.6365879
0.54134405,0.09420407,0.7984999,-0.13085224,-2.95253,1.6026307,1.1811339,-1.0190973
0.64878035,0.11322835,0.9225649,-0.17590064,-3.400597,1.8073589,1.4324148,-1.1433327
0.44598275,0.07999314,0.65049106,-0.10910031,-2.4477243,1.327021,0.9297129,-0.85928404
0.39454713,0.07246959,0.59611243,-0.099441126,-2.2555122,1.2285076,0.83130217,-0.8073564
0.5249276,0.1062026,0.7470574,-0.12939958,-2.7996712,1.4920794,1.1357523,-0.9662521
0.7419174,0.13259324,1.0656065,-0.19876121,-3.8883996,2.0728295,1.6919668,-1.2991687
0.4955953,0.11880797,0.7290975,-0.11192654,-2.7784433,1.5434798,1.0907158,-0.9413843
0.36840704,0.07101467,0.552368,-0.10150631,-2.1236498,1.1547242,0.765118,-0.7628467
0.68034756,0.12865904,0.9649003,-0.18292435,-3.5644975,1.8907973,1.5199347,-1.1957757
0.66517544,0.11207333,0.9658988,-0.16207464,-3.5201814,1.8951709,1.476104,-1.1816522
0.60229325,0.0933142,0.86935675,-0.13882561,-3.2032185,1.7288988,1.3103482,-1.0992029
0.78326905,0.13388908,1.1151608,-0.20680465,-4.0431314,2.1481762,1.7681258,-1.3442993
0.4562172,0.09034237,0.67107797,-0.10835908,-2.5300708,1.3719109,0.9765525,-0.8899911
0.78395784,0.12914139,1.1096077,-0.20166476,-4.055504,2.1560528,1.7671113,-1.3512372
0.5376874,0.09624162,0.78393453,-0.13647588,-2.8918982,1.5517006,1.1627784,-0.996385
0.64929724,0.103241056,0.93405443,-0.1619427,-3.4144788,1.8303202,1.434555,-1.1628188
0.6011164,0.120776564,0.85651046,-0.17226148,-3.2020557,1.704083,1.3412815,-1.0819123
0.6172223,0.1202054,0.89061344,-0.16758871,-3.2893684,1.7554176,1.3863605,-1.1147392
0.6084056,0.10899362,0.8849066,-0.17691489,-3.290811,1.7531016,1.3719186,-1.1158952
0.69737303,0.12678689,0.98433703,-0.1908641,-3.6018057,1.9087789,1.5458418,-1.2130036
0.5813832,0.115840316,0.8233556,-0.16009645,-3.0839574,1.6305155,1.2831401,-1.0490218
0.75731647,0.14367765,1.0871093,-0.13337363,-3.9275947,2.1498926,1.7131835,-1.3182238
0.5744771,0.092977166,0.83860046,-0.15486096,-3.092505,1.6558762,1.2662947,-1.0598898
0.4790565,0.10065529,0.7060308,-0.107575044,-2.65733,1.4526242,1.0483522,-0.9225945
0.45670572,0.08420068,0.6827596,-0.12464568,-2.5721304,1.4014012,0.9831927,-0.8935368
0.5660913,0.08650395,0.8205512,-0.1408768,-3.0558584,1.6448354,1.2378005,-1.0585178
0.6464076,0.122023016,0.93192214,-0.18493523,-3.4550586,1.840794,1.4627602,-1.1615671
0.7387569,0.13353217,1.0582465,-0.15416937,-3.829545,2.084088,1.651904,-1.2752594
0.6295308,0.12168786,0.8970455,-0.17253,-3.315061,1.761471,1.3977348,-1.1169288
0.65184486,0.12746668,0.9408992,-0.1781735,-3.4538155,1.8446695,1.473219,-1.1588942
0.51833665,0.09960815,0.752811,-0.13032489,-2.7989511,1.5002761,1.1226335,-0.9637724
0.86519945,0.14296028,1.2219414,-0.23029576,-4.4387164,2.360558,1.9703525,-1.4663484
0.39392006,0.08023241,0.57774824,-0.094242886,-2.237984,1.2179806,0.8221098,-0.79104644
0.5178281,0.091007054,0.7630081,-0.13164303,-2.863424,1.5641445,1.1272769,-0.98395455
0.7170986,0.13145411,1.012555,-0.1925533,-3.705011,1.9640155,1.594973,-1.2351837
0.72268546,0.12596083,1.0382253,-0.19461544,-3.8117442,2.029703,1.6460723,-1.2753104
0.5828496,0.09613982,0.85688657,-0.13850053,-3.1554904,1.7089745,1.2863082,-1.0853063
0.8964838,0.13642928,1.2733698,-0.23086138,-4.596121,2.4501982,2.043606,-1.5175819
0.46627483,0.08271319,0.68910176,-0.11829005,-2.5766053,1.3955388,0.9876338,-0.9010885
0.5232928,0.08489078,0.7604709,-0.12888543,-2.7925913,1.5011446,1.1046045,-0.9650844
0.7761283,0.12766567,1.1003146,-0.21109702,-4.0095954,2.121402,1.7512136,-1.3356051
0.569185,0.0864124,0.83296746,-0.14431553,-3.0584328,1.6345074,1.2401485,-1.0608952
0.44487593,0.0805583,0.64031756,-0.11331914,-2.4282036,1.3107296,0.9206376,-0.8510231
0.82455945,0.13661256,1.156429,-0.20689817,-4.190504,2.2251742,1.8387526,-1.3932977
0.8023548,0.12504253,1.1368891,-0.2167259,-4.1188545,2.1803522,1.7994596,-1.369647
0.66775787,0.16509634,0.96425194,-0.09409216,-3.51363,1.9629542,1.5149171,-1.1752961
0.45764062,0.10279864,0.6785243,-0.11791809,-2.6097806,1.4375854,1.0031499,-0.89758414
0.5338769,0.10341066,0.764509,-0.14232746,-2.874061,1.5288895,1.1695799,-0.9837375
0.78061163,0.10780233,1.100821,-0.19505103,-3.986926,2.1263006,1.7027351,-1.3345661
0.57714367,0.09017524,0.8348878,-0.14796948,-3.0808043,1.6489911,1.252777,-1.0542068
0.49419364,0.11690962,0.69159067,-0.13934791,-2.6579425,1.4061686,1.075339,-0.919906
0.6148498,0.089277625,0.90549546,-0.1516821,-3.3104682,1.7891135,1.3584901,-1.1413231
0.75007737,0.121776074,1.0727515,-0.18763645,-3.8786955,2.0702064,1.6807967,-1.2978352
0.63302433,0.118971944,0.91673857,-0.14551373,-3.40032,1.8664273,1.404133,-1.1376297
0.72087824,0.12994978,1.0319273,-0.19932039,-3.7811942,2.0147293,1.6344974,-1.2598387
0.6799425,0.1251724,0.9634262,-0.18538828,-3.5414596,1.8730987,1.5118521,-1.1944008
0.72422826,0.1292412,1.0211986,-0.19528754,-3.7478385,1.9897579,1.6178662,-1.2490358
0.72250307,0.12992328,1.0300103,-0.18831037,-3.7455351,1.9939831,1.6157074,-1.2514586
0.48766598,0.07806605,0.71814007,-0.11523114,-2.6665797,1.4374704,1.0408429,-0.93584347
0.805377,0.12882394,1.1390909,-0.17979816,-4.141352,2.2335205,1.7952198,-1.37338
0.5813863,0.09230995,0.846953,-0.14027478,-3.1059566,1.6710781,1.2651854,-1.0638775
0.77497554,0.13798976,1.0869646,-0.1946714,-3.9725337,2.114197,1.7323717,-1.3211763
0.62758684,0.119950145,0.8880327,-0.16690789,-3.2933366,1.7439016,1.3913003,-1.1159849
0.576823,0.09435907,0.84543777,-0.13897939,-3.110763,1.6734385,1.2723348,-1.0729103
0.7807553,0.13378045,1.0980076,-0.20368008,-4.0117807,2.1281807,1.759065,-1.3334221
0.7275734,0.12786832,1.0358368,-0.19433375,-3.7782004,2.0137794,1.6306828,-1.2650988
0.59234047,0.10926619,0.8451093,-0.15632522,-3.1410766,1.6704315,1.2970573,-1.0694444
0.7884587,0.13579136,1.1128529,-0.19138475,-4.032152,2.1452034,1.7649859,-1.3473098
0.6815921,0.13027954,0.9596651,-0.17558342,-3.514109,1.8598709,1.5014485,-1.1824074
0.6942072,0.12454516,0.99149364,-0.19207118,-3.6323447,1.9287943,1.551458,-1.2180198
0.79566,0.13952723,1.1199534,-0.21389882,-4.088132,2.1730707,1.7916418,-1.3551424
0.6798688,0.12216669,0.9727722,-0.18822129,-3.573137,1.9017011,1.5258152,-1.2026646
0.39188156,0.09208235,0.57077116,-0.10817821,-2.2207742,1.1840274,0.83233386,-0.7854701
0.5508299,0.09934342,0.82178473,-0.13928895,-3.0442643,1.6538289,1.2356184,-1.0407506
0.7272543,0.13004914,1.0382949,-0.19696118,-3.7988524,2.0262249,1.6375471,-1.2665508
0.6907866,0.12341809,0.9926923,-0.18365733,-3.620746,1.9298569,1.5534378,-1.2131445
0.70450187,0.1292269,1.0047406,-0.18049733,-3.6812046,1.959858,1.5890894,-1.2357848
0.81400144,0.13387829,1.1473542,-0.20960055,-4.179067,2.2220829,1.8363479,-1.3908236
0.84455884,0.13655835,1.203822,-0.21972986,-4.3476524,2.312048,1.9214801,-1.4397593
0.84067404,0.13742724,1.1906811,-0.21557246,-4.306588,2.295046,1.8975619,-1.4273354
0.7803898,0.13840628,1.1021101,-0.20891495,-4.024304,2.1382108,1.7560512,-1.334491
0.23672059,0.06586635,0.35600492,-0.071099386,-1.4815696,0.8200487,0.4371292,-0.5540574
0.7190199,0.12664434,1.0246638,-0.17814128,-3.738318,1.9938422,1.6066633,-1.247047
0.8579397,0.1375331,1.2006497,-0.20517679,-4.3337545,2.3100443,1.916726,-1.439527
0.68424606,0.12957773,0.9611816,-0.18913113,-3.545296,1.8776358,1.5148239,-1.187562
0.64168775,0.13633084,0.9089412,-0.17291754,-3.3729115,1.7935532,1.432327,-1.1379073
0.8486234,0.1368491,1.2016966,-0.2204171,-4.3373604,2.3097773,1.9111818,-1.4312911
0.68843997,0.12963584,0.9838696,-0.17258804,-3.5961235,1.9182906,1.5460829,-1.20837
0.6527839,0.12516853,0.9297084,-0.17938676,-3.4145427,1.806729,1.4516225,-1.1559039
0.6171049,0.1229707,0.9096417,-0.1287274,-3.3836293,1.8815029,1.4001869,-1.1355715
0.65608215,0.12118429,0.95256525,-0.13113771,-3.495687,1.9222878,1.467427,-1.1742188
0.85968745,0.1347338,1.2223309,-0.21826614,-4.391576,2.33578,1.9370693,-1.4504848
0.7607473,0.12705663,1.0897743,-0.20827354,-3.9544175,2.1054127,1.7182279,-1.3174552
0.5953944,0.10487372,0.8488978,-0.15672477,-3.132136,1.6623499,1.2981753,-1.0665095
0.680223,0.11782569,0.97075874,-0.18144365,-3.5426383,1.8783315,1.5061611,-1.1926601
0.4995894,0.109861165,0.7127632,-0.14293666,-2.693873,1.4299719,1.0808539,-0.92640173
0.50907135,0.0959726,0.73527056,-0.14122123,-2.7638693,1.4708031,1.1087886,-0.9608901
0.7164012,0.11653566,1.0270575,-0.1920139,-3.7348814,1.9868047,1.6056246,-1.2517147
0.6339842,0.12353939,0.9277021,-0.1386317,-3.4371881,1.9015807,1.4209697,-1.1503134
0.47104582,0.10986954,0.6802208,-0.1395119,-2.5929255,1.372399,1.0376498,-0.9006732
0.8632057,0.13886777,1.2262102,-0.22130142,-4.410783,2.347651,1.9517506,-1.461697
0.79933393,0.13667437,1.1414016,-0.20428954,-4.1403494,2.2102861,1.818807,-1.3779311
0.5173167,0.101754755,0.77051395,-0.13233373,-2.932459,1.616727,1.1726384,-0.9946785
0.8815639,0.13168415,1.2557207,-0.21087478,-4.5324583,2.4436016,1.9888815,-1.4976699
0.6971233,0.10994205,0.99769205,-0.16961095,-3.6246202,1.9323205,1.5450748,-1.2307082
0.8707175,0.1466439,1.2364293,-0.22456624,-4.4801793,2.394074,1.988108,-1.4760787
0.71417236,0.1315076,1.0165638,-0.1959251,-3.7311513,1.9830662,1.6140317,-1.2479945
0.5720377,0.1222803,0.82542676,-0.15920193,-3.0804093,1.6395143,1.2865007,-1.0487652
0.7342005,0.13446623,1.026616,-0.19472207,-3.7723842,1.996968,1.6300448,-1.2551309
0.45499584,0.09089798,0.6721821,-0.105863795,-2.5762808,1.4201847,0.9925864,-0.8941104
0.44927356,0.08397767,0.6580432,-0.1060615,-2.4755173,1.3436701,0.9395573,-0.87651694
0.45121673,0.09940824,0.64709115,-0.10566445,-2.4905276,1.3604498,0.9635155,-0.8632011
0.6161641,0.117553264,0.88012826,-0.15562661,-3.25898,1.7469338,1.3487633,-1.0949583
0.6792774,0.12619796,0.98587424,-0.14118835,-3.6065667,1.988929,1.5269978,-1.2155883
0.7239835,0.13667375,1.02503,-0.19704367,-3.7639503,2.0020328,1.6287811,-1.2590566
0.6498178,0.112272054,0.9114304,-0.16438422,-3.367461,1.7896179,1.4201503,-1.1377327
0.7592727,0.13091943,1.067776,-0.20390199,-3.8976421,2.0628672,1.6903661,-1.3026917
0.63973284,0.11741972,0.9122756,-0.16822381,-3.3451843,1.7766966,1.4126006,-1.1259294
0.5601853,0.109024316,0.839103,-0.15581276,-3.1210647,1.6863111,1.2690306,-1.0521317
0.55587673,0.10426,0.82295936,-0.1373782,-3.058817,1.6627128,1.2460097,-1.0531013
0.8910186,0.13994929,1.246742,-0.22438844,-4.5083714,2.3960207,2.0010142,-1.4877017
0.34138379,0.07595757,0.5125857,-0.08456941,-1.9845467,1.0840083,0.6927209,-0.7165447
0.78279626,0.12936476,1.0965099,-0.21171524,-4.0093594,2.1313016,1.7481347,-1.3344319
0.86217976,0.13809115,1.2205505,-0.22343172,-4.404803,2.3429108,1.944703,-1.4557651
0.44483128,0.09170246,0.65730953,-0.109944806,-2.482465,1.3532702,0.9459764,-0.865416
0.57800555,0.11914933,0.8317926,-0.16453746,-3.1171396,1.6628133,1.297799,-1.0598065
0.6022041,0.10482192,0.8752472,-0.1706824,-3.2508297,1.7457867,1.336576,-1.0929883
0.66603816,0.14027229,0.9716707,-0.13068432,-3.5536075,1.9563116,1.5296003,-1.1974276
0.8196559,0.13469806,1.1506854,-0.20601924,-4.1801863,2.222104,1.8401397,-1.3924967
0.8468442,0.1339719,1.2047819,-0.2170464,-4.3750324,2.347831,1.9201723,-1.4468222
0.77743447,0.13001522,1.0994217,-0.20274685,-3.9940128,2.1170154,1.7450416,-1.3331877
0.8884741,0.14000013,1.2622504,-0.2174768,-4.5523067,2.4507096,2.0094502,-1.5008221
0.60292566,0.109246224,0.8721196,-0.16528888,-3.225607,1.7173277,1.3484093,-1.0993677
0.81332076,0.12527645,1.1507152,-0.20685439,-4.16326,2.2155612,1.8200437,-1.3851358
0.52541137,0.088704735,0.7778618,-0.13358073,-2.8995485,1.5712782,1.15963,-1.0051451
0.70390034,0.12109321,1.004478,-0.18949308,-3.66383,1.9395212,1.5771496,-1.230379
0.62908196,0.12692413,0.9184577,-0.12929358,-3.3494253,1.8311981,1.4086105,-1.1290946
0.6362333,0.12516159,0.91269743,-0.16966,-3.3892589,1.8132647,1.4382647,-1.1401782
0.65487564,0.10481876,0.94773716,-0.15918091,-3.4681463,1.8705078,1.4424375,-1.1790187
0.7509755,0.14390826,1.0623012,-0.17327802,-3.8845654,2.1074698,1.6744937,-1.285517
0.66089857,0.12048715,0.9378447,-0.1751438,-3.4508023,1.83281,1.468604,-1.1628909
0.6443261,0.110305816,0.9287797,-0.15398036,-3.4217157,1.8528447,1.4278399,-1.1546113
0.61393654,0.11780387,0.8795276,-0.16219454,-3.2526488,1.7253376,1.3717606,-1.1097808
0.45038405,0.119123906,0.65465647,-0.1236867,-2.5123892,1.3475645,1.0018822,-0.8732686
0.8530451,0.14017859,1.2187842,-0.22751905,-4.411489,2.3614657,1.9455377,-1.4549477
0.7254081,0.12804943,1.0343627,-0.18361177,-3.7860036,2.025984,1.627941,-1.2597686
0.6071261,0.12935236,0.8731266,-0.11902994,-3.1964145,1.7504444,1.3408896,-1.0865086
0.70652914,0.13117826,1.0148717,-0.19115634,-3.7177858,1.9874585,1.5974816,-1.24399
0.7843075,0.13520461,1.1216182,-0.21389742,-4.060145,2.1630669,1.7736894,-1.3468308
0.6330242,0.1327931,0.90914327,-0.16810183,-3.3664935,1.8070155,1.4244229,-1.1345992
0.557852,0.112514585,0.8052448,-0.11904593,-2.9936512,1.6353861,1.2156237,-1.0232649
0.72422636,0.1320588,1.0228971,-0.19243623,-3.7460475,1.9869186,1.6097205,-1.2446691
0.42060938,0.086961135,0.61705285,-0.1149046,-2.367448,1.2772156,0.8982624,-0.83654046
0.70508873,0.15399414,1.0210438,-0.12065844,-3.6927156,2.055687,1.5911176,-1.2263546
0.6963737,0.12457195,1.0146319,-0.19362701,-3.715833,2.0014827,1.575962,-1.2343346
0.7664939,0.13227627,1.0919116,-0.2038547,-3.9647112,2.1071613,1.7302076,-1.3255744
0.759657,0.1317834,1.0793862,-0.20519777,-3.945212,2.1001353,1.7182015,-1.3192921
0.55385256,0.12124413,0.7929617,-0.15995537,-2.9861217,1.5885249,1.2260603,-1.017751
0.8004992,0.12978867,1.1323713,-0.20457403,-4.1027594,2.1822789,1.7962996,-1.368216
0.8256091,0.1358816,1.1760086,-0.2086357,-4.230616,2.255292,1.8587624,-1.4080646
0.4508423,0.079833016,0.65979296,-0.115054846,-2.4806979,1.3320004,0.9510871,-0.87847936
0.584311,0.11019784,0.8605255,-0.123801276,-3.1449497,1.7255182,1.2745664,-1.0572981
0.73670685,0.124376684,1.0506411,-0.19595204,-3.8211322,2.030705,1.6487672,-1.2785586
0.70272493,0.1234788,1.0012782,-0.18569316,-3.6548414,1.9462637,1.5621437,-1.225928
0.48335502,0.08484486,0.70515877,-0.11589216,-2.6346338,1.4151405,1.032401,-0.9258814
0.75185966,0.1545808,1.0875647,-0.11900739,-3.9160051,2.1813142,1.701144,-1.305724
0.69315755,0.12978572,0.9937163,-0.1697873,-3.6549366,1.9693491,1.5589162,-1.2173326
0.7653798,0.14011317,1.0943146,-0.19930111,-3.9994776,2.142821,1.7424921,-1.3265206
0.83308613,0.13470066,1.1849605,-0.22307827,-4.2697287,2.2701058,1.8763512,-1.4120183
0.57631135,0.101781994,0.82924926,-0.13881303,-3.0733118,1.6620363,1.2540567,-1.0497352
0.47714826,0.094103396,0.7039371,-0.112247154,-2.6907065,1.4792565,1.0473108,-0.9241682
0.74922144,0.11274886,1.071461,-0.18356524,-3.892374,2.0762162,1.6854688,-1.3133223
0.5007962,0.083892554,0.7399293,-0.12030737,-2.7579799,1.4958447,1.0884535,-0.96069556
0.6220304,0.11821705,0.88304496,-0.15548919,-3.2777548,1.7577903,1.3684767,-1.1029828
0.74286497,0.12290266,1.0480081,-0.20007987,-3.832419,2.034641,1.6626414,-1.2793612
0.53075194,0.124225795,0.7455078,-0.14379291,-2.8303602,1.5065917,1.156909,-0.9621734
0.60729134,0.10466421,0.89010566,-0.15284473,-3.3064265,1.8014995,1.3571792,-1.1205356
0.8714442,0.13708311,1.2272463,-0.21909584,-4.4201956,2.350974,1.957426,-1.4593073
0.77288115,0.13185412,1.10422,-0.20496954,-4.018295,2.138404,1.752118,-1.3377517
0.5179013,0.09282398,0.76938695,-0.12218231,-2.833585,1.5436821,1.1198081,-0.9842624
0.90079963,0.13484904,1.2840364,-0.22465755,-4.610523,2.462474,2.0501614,-1.526799
0.5723878,0.09393492,0.82924455,-0.13710158,-3.0462432,1.6407295,1.2431256,-1.0483458
0.4667944,0.1049954,0.68398076,-0.10142712,-2.5810976,1.4163282,1.0032853,-0.8864383
0.44470224,0.08586037,0.6607843,-0.1219648,-2.515228,1.3714339,0.9602009,-0.8735014
0.75780797,0.12694502,1.0697359,-0.19716339,-3.9079788,2.065836,1.699812,-1.3051745
0.475242,0.085849404,0.6893268,-0.10887909,-2.57667,1.3932991,1.001112,-0.90255296
0.66194403,0.12516186,0.93851334,-0.16651659,-3.4499865,1.8403004,1.4633008,-1.1626546
0.41950342,0.07564524,0.61676675,-0.09993759,-2.33636,1.2592063,0.873765,-0.8308381
0.6135683,0.113278985,0.88362074,-0.15699546,-3.2658556,1.7476809,1.3705665,-1.1123184
0.3787414,0.07540433,0.5597602,-0.0917933,-2.1439495,1.1664993,0.77951205,-0.76508003
0.5544137,0.10081923,0.8131734,-0.13451268,-2.9981825,1.6259351,1.2114466,-1.0319498
0.53074265,0.097964615,0.7737399,-0.11496276,-2.8940663,1.5912824,1.1541818,-0.99398524
0.7159215,0.12619513,1.0191872,-0.19088866,-3.709428,1.97078,1.6001382,-1.2484872
0.447396,0.1069015,0.636952,-0.12635921,-2.4374,1.2888799,0.9549676,-0.85044694
0.5716648,0.11166301,0.8100712,-0.12779517,-3.0299456,1.6363643,1.2467409,-1.0344329
0.5637171,0.10777089,0.8202947,-0.12815566,-3.0641336,1.6738098,1.2389845,-1.0353674
0.632162,0.100625664,0.8994402,-0.159977,-3.3036942,1.7602924,1.3794119,-1.1221199
0.64917564,0.12533554,0.924377,-0.17989008,-3.419563,1.8208846,1.4519799,-1.1499624
0.6525781,0.12714604,0.9584791,-0.14968301,-3.556943,1.9660323,1.4865535,-1.1882746
0.63787735,0.12900686,0.9152829,-0.18137616,-3.3839073,1.8068084,1.4325544,-1.1310174
0.63955605,0.12706548,0.9167574,-0.17579462,-3.3885016,1.8069677,1.4378881,-1.1424482
0.55590415,0.10701451,0.79031104,-0.15225601,-2.9585083,1.5644163,1.2189225,-1.0144589
0.6606171,0.1188533,0.931511,-0.1556922,-3.4637663,1.8622037,1.4632434,-1.1683944
0.7297803,0.118110806,1.0478913,-0.18554015,-3.8108664,2.0436401,1.6361285,-1.2706035
0.54672563,0.08651641,0.79833335,-0.12869023,-2.9551601,1.5959467,1.1880138,-1.0249716
0.7262058,0.1346251,1.0306734,-0.19153722,-3.7651334,2.0021205,1.6317677,-1.2600949
0.32398745,0.07407157,0.48473746,-0.06992239,-1.8664137,1.0185826,0.64358014,-0.6889531
0.6858016,0.1405639,0.9858636,-0.13488589,-3.6078925,1.9780686,1.5544018,-1.2110106
0.4439667,0.111388505,0.64090395,-0.12888406,-2.469202,1.3153293,0.97494614,-0.8580652
0.77471304,0.13671824,1.0854864,-0.19421665,-3.957361,2.1186268,1.7223786,-1.3107717
0.8412293,0.13748261,1.1844414,-0.21790637,-4.288691,2.283081,1.8900005,-1.4202269
0.5407641,0.10386106,0.8020287,-0.1198985,-3.004095,1.6573746,1.2134396,-1.027091
0.7194953,0.09984967,1.0373875,-0.17382847,-3.7396283,2.0169077,1.5809671,-1.2623898
0.74754703,0.13026926,1.065132,-0.19654883,-3.881385,2.0646656,1.6843244,-1.296134
0.36931375,0.07699783,0.52914256,-0.09689678,-2.0602791,1.1086282,0.7355627,-0.7369827
0.72640896,0.12930211,1.0355908,-0.19458534,-3.7997506,2.025319,1.6396228,-1.2656649
0.7365817,0.12824142,1.0559219,-0.20172481,-3.836248,2.04501,1.6564317,-1.2809999
0.49706814,0.11417851,0.7109751,-0.13893443,-2.6876702,1.4308536,1.0766717,-0.92142963
0.4228455,0.07810345,0.60936135,-0.10841636,-2.309822,1.2405509,0.86343026,-0.8240109
0.55468214,0.117090285,0.8080546,-0.12535124,-3.0344353,1.6729832,1.2241613,-1.0245152
0.82909214,0.13433868,1.1776457,-0.22159322,-4.253499,2.2645338,1.8714007,-1.4110307
0.82790637,0.13057777,1.1733824,-0.21407862,-4.249794,2.2619455,1.8677796,-1.4126191
0.5243846,0.14629337,0.76650685,-0.074406624,-2.861012,1.6178939,1.1831801,-0.9717947
0.65615547,0.12367928,0.94348675,-0.17591277,-3.4782615,1.8593613,1.4763322,-1.1701204
0.48660406,0.14090672,0.7209128,-0.0547622,-2.6777961,1.5200062,1.0915247,-0.9175271
0.63442326,0.12671605,0.91577613,-0.16717185,-3.3745883,1.805276,1.4365413,-1.1373861
0.56225395,0.104138225,0.82537377,-0.14247903,-3.0776675,1.6815122,1.2378873,-1.0417383
0.7244319,0.13083032,1.0399019,-0.19109483,-3.8068743,2.0316682,1.6531974,-1.2747734
0.6111274,0.15654802,0.8945187,-0.08922504,-3.2634902,1.833265,1.3834426,-1.1011009
0.58437693,0.09675047,0.8362009,-0.13720837,-3.0978618,1.6705359,1.2578858,-1.0638351
0.84163475,0.13041338,1.1888324,-0.21694489,-4.2941113,2.279668,1.891641,-1.4320693
0.6025225,0.1253067,0.8551386,-0.16212796,-3.1889782,1.6935546,1.3402208,-1.0775427
0.49992034,0.09898424,0.74162954,-0.11496724,-2.7887914,1.5262693,1.0975567,-0.9607464
0.62851834,0.14503935,0.8895708,-0.11158498,-3.2762012,1.7990135,1.3815911,-1.095861
0.652779,0.11987552,0.95885295,-0.14557816,-3.5557828,1.9595581,1.4828047,-1.1936264
0.95056725,0.14433458,1.3465966,-0.23123775,-4.8092604,2.5631588,2.1518927,-1.5858848
0.5864924,0.12597653,0.8331122,-0.15426108,-3.1098747,1.6501939,1.3015887,-1.0608984
0.6995121,0.118828624,0.9991749,-0.18791349,-3.6395555,1.9291729,1.5615593,-1.2182121
0.70827985,0.09921321,1.0246603,-0.16330716,-3.7248971,2.0013745,1.5753825,-1.2655684
0.7275684,0.13112932,1.0437568,-0.18880044,-3.7966223,2.0272412,1.6429608,-1.2726673
0.5063151,0.111356765,0.713232,-0.109121025,-2.7101202,1.4716309,1.0675013,-0.93120104
0.40137175,0.079363495,0.6009775,-0.10813199,-2.2875803,1.2358372,0.86001396,-0.8149948
0.5498384,0.09731978,0.8026107,-0.14520961,-2.9643195,1.5840757,1.204043,-1.0274341
0.7351669,0.12217805,1.0411582,-0.18832172,-3.799305,2.0216274,1.6360267,-1.2731799
0.8204837,0.13817993,1.1770074,-0.15758477,-4.253722,2.3304136,1.8570532,-1.4136925
0.61477447,0.11717987,0.874117,-0.14277278,-3.2424693,1.7516844,1.3521041,-1.0958503
0.8232453,0.1263242,1.1622393,-0.21445842,-4.2000713,2.227537,1.8412117,-1.3987365
0.7612817,0.12824216,1.088524,-0.20462169,-3.9440942,2.0927694,1.7125062,-1.315204
0.6468952,0.12974912,0.9163162,-0.17579754,-3.3851209,1.8026655,1.4344803,-1.1350774
0.5525292,0.093847185,0.8067305,-0.13067378,-2.9787464,1.6111046,1.1978241,-1.0238698
0.3326341,0.07350737,0.4927861,-0.09051861,-1.9100497,1.036837,0.6547431,-0.6931067
0.83028615,0.13237485,1.1794752,-0.21963061,-4.2687335,2.2662137,1.8780857,-1.4135323
0.7095171,0.12598938,1.0137066,-0.19470604,-3.7124257,1.9751836,1.6006206,-1.2369345
0.72932386,0.13447082,1.039041,-0.1949055,-3.8106413,2.0327914,1.6461805,-1.2690969
0.8810736,0.14012042,1.2390856,-0.22071607,-4.4786234,2.3787825,1.983509,-1.4874908
0.7344873,0.13517222,1.0358303,-0.19155021,-3.7921147,2.0204706,1.6383463,-1.2654636
0.60208774,0.10463241,0.8755872,-0.14110495,-3.216179,1.7428637,1.3219608,-1.097472
0.80579007,0.13709813,1.140021,-0.21306945,-4.149042,2.2082026,1.8208927,-1.3771167
0.6681969,0.13112998,0.9540406,-0.1793478,-3.503468,1.8654726,1.4981505,-1.176694
0.6135806,0.15516949,0.8906731,-0.09113346,-3.2754729,1.8371185,1.3914505,-1.1041789
0.70241535,0.12597191,0.9961441,-0.18927078,-3.6483731,1.9342749,1.5666199,-1.2244711
0.7275715,0.12686971,1.0248523,-0.19711854,-3.7676048,1.9932942,1.6284298,-1.2609375
0.5543771,0.08543551,0.80497724,-0.12884425,-2.951696,1.5930548,1.1853777,-1.025763
0.73560846,0.1259287,1.0509948,-0.20812745,-3.8388243,2.042643,1.6534226,-1.2737877
0.45874712,0.09251326,0.6649859,-0.12722951,-2.5037553,1.3316817,0.97605646,-0.8710583
0.7995658,0.13029778,1.1355165,-0.20249201,-4.105955,2.1832366,1.8016967,-1.3698493
0.602918,0.11231992,0.8687821,-0.16954009,-3.2254522,1.7040623,1.3539711,-1.0996718
0.6621394,0.11468083,0.9641765,-0.1840315,-3.5349782,1.8843943,1.4963984,-1.1867297
0.7548559,0.12702277,1.075313,-0.20345129,-3.915792,2.0911536,1.6964147,-1.3052331
0.7089809,0.12812847,0.99746996,-0.19522722,-3.6824312,1.9501631,1.5844221,-1.2373009
0.4858363,0.107121676,0.70531917,-0.11403619,-2.6825671,1.4708643,1.0520511,-0.9185487
0.6812949,0.14671347,0.96852046,-0.12441547,-3.5457506,1.9446318,1.5205706,-1.1913762
0.5996195,0.11341268,0.8551043,-0.15614234,-3.1785312,1.6885635,1.3320873,-1.0800238
0.6691463,0.12161392,0.9462196,-0.16429581,-3.5119052,1.8888285,1.4790298,-1.17718
0.6771481,0.13473523,0.96974546,-0.18102954,-3.5763535,1.9083189,1.5303692,-1.2007627
0.69358575,0.125287,0.9977024,-0.18488719,-3.6371374,1.9438595,1.5592312,-1.217289
0.72694397,0.12846175,1.0467643,-0.20269795,-3.8256147,2.0414987,1.6515893,-1.2775025
0.6654378,0.115581185,0.96353024,-0.18046293,-3.529396,1.8813978,1.4996017,-1.1891693
0.41015926,0.123364985,0.61024755,-0.06351031,-2.3352146,1.319847,0.9056264,-0.81281805
0.800938,0.13100266,1.142265,-0.20604227,-4.1346326,2.2037942,1.8137947,-1.3764328
0.79428387,0.14550954,1.1354452,-0.15433124,-4.0838146,2.2275894,1.7876445,-1.3618777
0.6317414,0.11819774,0.90896404,-0.1670235,-3.3390276,1.7872634,1.403039,-1.1264303
0.73918355,0.12598684,1.0413635,-0.19985475,-3.802245,2.0133214,1.6426533,-1.2710878
0.6312481,0.10471034,0.9070398,-0.15874818,-3.355811,1.7998952,1.3993907,-1.141272
0.87069535,0.13155317,1.2323059,-0.22619219,-4.424122,2.3505545,1.9540371,-1.4679512
0.6935661,0.12169731,0.9921356,-0.18196656,-3.6273508,1.9303166,1.552823,-1.2138658
0.6845679,0.11062926,0.97580177,-0.1791626,-3.5645025,1.8912891,1.5168792,-1.2069422
0.67525315,0.12772745,0.95911723,-0.18855609,-3.526832,1.8660263,1.5088102,-1.1828332
0.61403775,0.09520438,0.91086143,-0.15693958,-3.3271546,1.7984539,1.3659016,-1.1328367
0.67836964,0.13066038,0.96732134,-0.18927844,-3.5606105,1.893657,1.5273181,-1.1919246
0.5108025,0.11073044,0.7314674,-0.14638159,-2.7555304,1.4589721,1.1111443,-0.9443176
0.8074535,0.13071337,1.1535211,-0.21659453,-4.1800604,2.2279634,1.8282217,-1.3846055
0.62340605,0.12090778,0.8929412,-0.16648854,-3.293643,1.7545134,1.3891575,-1.1157181
0.7887064,0.13629085,1.111759,-0.20589475,-4.042273,2.147437,1.772513,-1.3472635
0.45383498,0.091080934,0.6541859,-0.10793863,-2.522593,1.3787205,0.97887826,-0.8726573
0.67266583,0.117619604,0.9626178,-0.18446882,-3.5502417,1.8845352,1.5134004,-1.1949154
0.5263082,0.0943881,0.7784332,-0.12990643,-2.8967113,1.5702957,1.1524097,-1.0015606
0.78613174,0.13082632,1.1164688,-0.2092909,-4.0550814,2.1606824,1.7699202,-1.346966
0.5671389,0.113306046,0.80583405,-0.1617317,-3.035235,1.6073878,1.2518253,-1.0329936
0.5367495,0.13366371,0.79154104,-0.08710341,-2.9380035,1.6480983,1.2129765,-0.9974384
0.44765517,0.10276157,0.65035003,-0.09753063,-2.4856648,1.3707675,0.9530121,-0.85803056
0.6805246,0.12692517,0.96707994,-0.18244572,-3.5663276,1.8961422,1.5286245,-1.1948867
0.57372785,0.114818275,0.8440493,-0.16633524,-3.1289704,1.6669606,1.2970374,-1.0626199
0.674222,0.12758508,0.9716328,-0.14176321,-3.5208774,1.9159794,1.4966155,-1.1845142
0.51314485,0.09216255,0.76221985,-0.13027428,-2.8405204,1.5459118,1.1217419,-0.97164965
0.71539426,0.12988576,1.0234972,-0.1890509,-3.7371209,1.9909145,1.6132439,-1.2546023
0.68878543,0.1587651,0.9892313,-0.11568233,-3.617759,2.017945,1.5608703,-1.2069618
0.65679777,0.11725676,0.94037896,-0.16437149,-3.4456754,1.8364629,1.4654363,-1.163488
0.66198015,0.11753324,0.9564325,-0.18647255,-3.5054054,1.86426,1.4923288,-1.1792958
0.76307607,0.13448134,1.0962269,-0.20276521,-3.9979155,2.1316617,1.7500077,-1.3316875
0.7151915,0.12877193,1.0246178,-0.19165953,-3.7582598,2.0077512,1.6183338,-1.2536108
0.6878959,0.15412992,0.98664564,-0.10609919,-3.58511,1.9966333,1.5404503,-1.1934922
0.6115383,0.124610126,0.8712786,-0.16415656,-3.2423086,1.7235303,1.3634264,-1.0992936
0.49189827,0.074970245,0.723617,-0.12674661,-2.6930547,1.44272,1.0641888,-0.9495568
0.49365142,0.095703036,0.72836965,-0.12788433,-2.7317443,1.4720032,1.0795366,-0.94585615
0.7249669,0.12992364,1.0359446,-0.193594,-3.7815936,2.0134914,1.637183,-1.2660683
0.6714839,0.1207844,0.95787436,-0.17786063,-3.5202408,1.8725358,1.5029355,-1.1843731
0.5439719,0.089322984,0.79758245,-0.14257719,-2.9565308,1.6003448,1.1851183,-1.016064
0.6129054,0.12802222,0.88439023,-0.1670839,-3.259315,1.7446489,1.3665806,-1.0981925
0.7446277,0.1326994,1.057907,-0.2026539,-3.8907518,2.0754032,1.688392,-1.2934455
0.6921563,0.13260749,0.98600715,-0.1824639,-3.6133976,1.9167484,1.5524489,-1.2078928
0.4861302,0.08659965,0.71443546,-0.11578293,-2.648147,1.4359473,1.0347508,-0.9207832
0.73128486,0.12614053,1.0294175,-0.19915004,-3.7710102,1.995689,1.6242837,-1.2516692
0.5740136,0.10699719,0.8223179,-0.16567521,-3.0613375,1.6191331,1.2668967,-1.0446572
0.8310704,0.13641751,1.1762015,-0.21042629,-4.257323,2.2612336,1.8809689,-1.4226205
0.5310775,0.09726396,0.7713607,-0.13201629,-2.8405616,1.5137956,1.1508276,-0.98970586
0.71900034,0.1299159,1.0236186,-0.196865,-3.7413898,1.9872009,1.6124749,-1.246754
0.6247978,0.11483991,0.88583827,-0.16917633,-3.2743359,1.7312416,1.3768852,-1.1113597
0.5360292,0.11094689,0.805477,-0.12970679,-3.0325975,1.6657746,1.2168615,-1.0313392
0.4774476,0.08881751,0.71789277,-0.12343188,-2.7061214,1.4774162,1.0583833,-0.93989265
0.3975423,0.086082146,0.58813107,-0.109888196,-2.257289,1.2146413,0.8466846,-0.79083693
0.7532791,0.13265267,1.0776384,-0.20671149,-3.9371696,2.1037931,1.7087992,-1.3096868
0.7733958,0.13316205,1.0972261,-0.20436205,-3.9810433,2.1190684,1.7376472,-1.3241686
0.76819324,0.13533682,1.087561,-0.19360422,-3.9502435,2.0973861,1.7186975,-1.3197665
0.67641354,0.12915832,0.96391827,-0.17463909,-3.5398579,1.884865,1.5161959,-1.1917759
0.5389675,0.11361551,0.7990801,-0.11392531,-2.992916,1.6600449,1.2005929,-1.0193812
0.44152072,0.09287882,0.64240104,-0.12564945,-2.451703,1.3107506,0.9527036,-0.85864806
0.69638085,0.118885905,0.99358886,-0.18698026,-3.6292892,1.939679,1.5468948,-1.2168949
0.6191708,0.11548853,0.8889866,-0.16975446,-3.2825332,1.7447333,1.3822868,-1.1089611
0.6986053,0.123114645,0.998877,-0.19369538,-3.6680648,1.9410251,1.5768028,-1.2323425
0.58429277,0.111369014,0.8546203,-0.1330199,-3.193055,1.7561954,1.3004566,-1.0773846
0.8619931,0.13907608,1.2156519,-0.22457053,-4.379219,2.3280127,1.934318,-1.445955
0.4206179,0.07470141,0.628246,-0.10769141,-2.3893206,1.2990347,0.8974854,-0.84799
0.57221746,0.098044336,0.8285699,-0.14517243,-3.069987,1.646747,1.2551132,-1.0536544
0.5877484,0.09615716,0.84864813,-0.14600062,-3.1042678,1.6562657,1.272701,-1.070452
0.70977616,0.12611592,1.0046251,-0.19428705,-3.6824203,1.9508417,1.5803286,-1.2327366
0.50242245,0.089657426,0.72732145,-0.12834574,-2.7148783,1.4487753,1.0828983,-0.9469434
0.66633224,0.11579171,0.94834834,-0.16579823,-3.4729953,1.8517405,1.4754915,-1.1678928
0.87238693,0.13751116,1.2501308,-0.2386757,-4.4941254,2.398233,1.9824651,-1.4805777
0.59194934,0.13288441,0.85569763,-0.110300675,-3.1360798,1.7215196,1.3118651,-1.0600467
0.53091466,0.08722523,0.79316396,-0.14498307,-2.9422412,1.5908614,1.1756274,-1.0176839
0.73720646,0.13038239,1.0437351,-0.17621635,-3.8100846,2.042705,1.64444,-1.2679573
0.65495205,0.12561196,0.935411,-0.1732917,-3.451395,1.8322493,1.473595,-1.166856
0.60072553,0.11333263,0.87035674,-0.14228006,-3.2341447,1.7600099,1.3299181,-1.093147
0.8546761,0.13807207,1.2141532,-0.2195877,-4.3888097,2.337911,1.9421428,-1.4541823
0.81327605,0.13767055,1.1508883,-0.20302297,-4.150369,2.2051473,1.821957,-1.3808981
0.65068746,0.12301126,0.92417794,-0.1689107,-3.41983,1.8175025,1.4564581,-1.1565828
0.42063245,0.08243133,0.6353114,-0.11034016,-2.4164848,1.3143848,0.914842,-0.85472465
0.518932,0.07785463,0.75500125,-0.12806597,-2.791123,1.504338,1.0946646,-0.9716097
0.6306478,0.095936745,0.918246,-0.1513416,-3.3574347,1.80875,1.385583,-1.1476448
0.770399,0.13088849,1.109369,-0.20902015,-4.027074,2.1514614,1.7567989,-1.338114
0.6732837,0.15864637,0.98336107,-0.10308772,-3.5581098,1.9953094,1.5344218,-1.1899453
0.7860675,0.13533857,1.114657,-0.21869256,-4.068433,2.1644664,1.7800279,-1.3479376
0.48145798,0.10775009,0.7049321,-0.1015223,-2.6844816,1.4866263,1.053723,-0.9230789
0.6421422,0.12405223,0.91882974,-0.16776001,-3.3761556,1.7937566,1.4293908,-1.1399517
0.68141353,0.119808555,0.97293323,-0.16654603,-3.5578072,1.8928434,1.5212274,-1.2055495
0.5609821,0.11802742,0.82947546,-0.117973074,-3.0962577,1.7162389,1.2564625,-1.0548545
0.78002346,0.13458967,1.1148549,-0.20819612,-4.0560603,2.163573,1.774401,-1.3488117
0.59414315,0.09686905,0.86022437,-0.13976774,-3.1616855,1.713972,1.2895181,-1.0801132
0.9975122,0.14985147,1.4122454,-0.25487608,-5.053238,2.6982353,2.2709436,-1.6539217
0.8527998,0.15481338,1.2259822,-0.15457822,-4.4042835,2.422284,1.9504882,-1.4653996
0.34709916,0.06815681,0.5187025,-0.09275286,-2.0107017,1.0901339,0.7090608,-0.7299308
0.7200414,0.13300866,1.0131003,-0.18522353,-3.7182713,1.9773005,1.6099578,-1.247482
0.8178575,0.13000593,1.1609039,-0.22391148,-4.2299995,2.2445986,1.859991,-1.4037911
0.5535959,0.10603309,0.8096901,-0.15699285,-3.0020726,1.6082116,1.2346144,-1.025887
0.7007276,0.131224,1.0127355,-0.16754083,-3.6912642,2.0058875,1.5649303,-1.2212374
0.75099397,0.12497395,1.075723,-0.19521873,-3.9012592,2.072008,1.6987957,-1.3090235
0.8328277,0.13637054,1.1708201,-0.21087436,-4.2349772,2.2503262,1.8631986,-1.4038508
0.8926562,0.13888654,1.261799,-0.23023243,-4.5347233,2.4114728,2.0141068,-1.4969304
0.5493721,0.0849534,0.8053579,-0.12972446,-2.947005,1.5856231,1.1880888,-1.0202389
0.6321964,0.11784941,0.90687,-0.15991177,-3.3332667,1.7771028,1.4036819,-1.1308943
0.6066704,0.11641732,0.86304927,-0.16300493,-3.1988225,1.6966654,1.3366956,-1.083314
0.6557566,0.11927593,0.9367041,-0.16542159,-3.4355273,1.8319026,1.456613,-1.1627939
0.53222775,0.09833804,0.780469,-0.14023222,-2.8918185,1.557312,1.163146,-0.9972248
0.810323,0.13192615,1.1534182,-0.2085798,-4.15773,2.212693,1.8270057,-1.3872494
0.80268335,0.13684824,1.1206454,-0.20968242,-4.0820065,2.161186,1.7862598,-1.3561455
0.53344584,0.15326089,0.78477484,-0.06813754,-2.9034822,1.6422203,1.207486,-0.9888301
0.6402588,0.10070175,0.93462396,-0.1610268,-3.445186,1.862445,1.4274323,-1.1620271
0.51005137,0.10060617,0.74721485,-0.12772411,-2.8157687,1.5357167,1.115676,-0.9614167
0.47935376,0.08644852,0.70500576,-0.11738975,-2.6417663,1.435201,1.0285027,-0.9231148
0.5138352,0.10153687,0.7400567,-0.13500674,-2.7727396,1.4777968,1.1209322,-0.9598852
0.74870515,0.12953475,1.0640385,-0.20167007,-3.8848379,2.066226,1.6883748,-1.3004292
0.6071731,0.11388999,0.879203,-0.16523516,-3.2599983,1.744414,1.3637277,-1.1038749
0.85662293,0.14063784,1.2093685,-0.22520126,-4.36504,2.3225899,1.928455,-1.4411021
0.6172837,0.116803974,0.90760964,-0.17974454,-3.366452,1.8183799,1.400174,-1.1197908
0.72276676,0.12540257,1.0362517,-0.19965221,-3.7786336,2.0010803,1.6280888,-1.262163
0.8440391,0.1339756,1.1922286,-0.22512229,-4.3157725,2.2915204,1.9032377,-1.4272934
0.76789176,0.13589898,1.0793928,-0.1959758,-3.9388242,2.1024754,1.7181002,-1.3142478
0.42228928,0.08322725,0.6323451,-0.112447366,-2.4048672,1.3053119,0.9084636,-0.85007834
0.7625364,0.1336366,1.0879003,-0.20596875,-3.9514396,2.0997443,1.7163454,-1.3162954
0.77397156,0.13060683,1.0913502,-0.19732036,-3.9690912,2.111144,1.7296151,-1.3226811
0.7380713,0.12881982,1.0546988,-0.19698144,-3.844086,2.0428936,1.6669545,-1.2821101
0.8391644,0.13518372,1.1877402,-0.21185441,-4.284394,2.2830489,1.8834199,-1.4199195
0.56063294,0.10235706,0.81129783,-0.13337441,-3.02319,1.6436138,1.2263895,-1.032676
0.5805913,0.09880492,0.83856606,-0.14165445,-3.1172662,1.6791018,1.271513,-1.060668
1.0086002,0.1506693,1.4231122,-0.25317824,-5.084047,2.7130706,2.2893467,-1.6669359
0.68369913,0.11856884,0.9792693,-0.19270988,-3.6074524,1.9232072,1.5341715,-1.2085062
0.34229812,0.07278651,0.51319486,-0.08892323,-2.0231895,1.1133007,0.71116805,-0.72603923
0.98080397,0.14485815,1.3798426,-0.24005182,-4.92647,2.6223838,2.208312,-1.6230655
0.63606596,0.120575935,0.90825,-0.17643707,-3.358569,1.7827082,1.418186,-1.1232809
0.5268214,0.09343073,0.7698426,-0.1444972,-2.8807511,1.5391512,1.1610781,-0.9942881
0.7586793,0.12881145,1.0836351,-0.19091527,-3.912827,2.084915,1.704401,-1.3063424
0.56695914,0.12460628,0.8276554,-0.11878173,-3.1163223,1.7335364,1.2663342,-1.0531548
0.61445975,0.12479344,0.8767244,-0.17082545,-3.268266,1.7381138,1.3872074,-1.1062726
0.87482345,0.14316031,1.2375332,-0.1888103,-4.435782,2.3988252,1.9582678,-1.4706066
0.43802348,0.088783935,0.6449545,-0.10825156,-2.444674,1.3255239,0.92953944,-0.86237943
0.54235613,0.10071364,0.7889809,-0.1476721,-2.9529135,1.5781634,1.191686,-1.0109582
0.89680755,0.14039788,1.2694532,-0.22410183,-4.5799866,2.4371948,2.0364094,-1.516316
0.5476589,0.115344316,0.80336446,-0.121029645,-3.0204084,1.6696255,1.220211,-1.0254996
0.78839445,0.14195633,1.1124448,-0.1994509,-4.0559955,2.1673052,1.7792822,-1.3527653
0.29270157,0.06666066,0.4344446,-0.07461466,-1.7293917,0.94282615,0.57071394,-0.64295334
0.40887338,0.074064136,0.6096159,-0.10765149,-2.3421845,1.2745494,0.8758892,-0.83244556
0.5149219,0.0934169,0.7493234,-0.13772367,-2.8092952,1.4974896,1.1271253,-0.9742525
0.73920774,0.13359702,1.0589732,-0.18992884,-3.8513339,2.0520906,1.6701587,-1.2857896
0.97043085,0.14807865,1.3772557,-0.24483408,-4.9255013,2.6351585,2.2113845,-1.6189432
0.5234903,0.08134803,0.7551922,-0.12883784,-2.8059793,1.5156901,1.1068858,-0.96996725
0.42601547,0.09096807,0.6282824,-0.102255315,-2.4065328,1.313138,0.9099914,-0.8362871
0.66175056,0.11990279,0.92938787,-0.18112929,-3.4552562,1.8279507,1.4739027,-1.1612511
0.7912036,0.13482872,1.1193897,-0.21381716,-4.0811214,2.1719177,1.7886136,-1.354358
0.64062154,0.12919441,0.9139578,-0.12169357,-3.3740668,1.8506782,1.4211289,-1.142598
0.59124064,0.12307602,0.8575484,-0.15636446,-3.2058802,1.7278666,1.3238691,-1.0820383
0.81039286,0.13776666,1.1525775,-0.21575965,-4.177516,2.223893,1.8392159,-1.3836077
0.78789866,0.12782398,1.1198801,-0.21803318,-4.062859,2.1574302,1.7725341,-1.3476216
0.688184,0.12119165,1.0000391,-0.16696356,-3.6441603,1.9695799,1.5400863,-1.2196915
0.73074913,0.1324833,1.0480195,-0.1567814,-3.8095994,2.069326,1.6453582,-1.274934
0.5522144,0.112375915,0.7842993,-0.15572052,-2.939486,1.5612489,1.2083417,-0.99889433
0.73477554,0.12124112,1.0404143,-0.20172624,-3.7957118,2.0141563,1.6342024,-1.2698169
0.6917831,0.12889922,0.9740009,-0.1860203,-3.5722833,1.8970581,1.525604,-1.1942551
0.54335,0.11324841,0.78667194,-0.1517886,-2.9434779,1.5578442,1.2104722,-1.0083265
0.5711093,0.11731431,0.8191274,-0.1500523,-3.040646,1.6197639,1.2593229,-1.0316359
0.8489002,0.13487628,1.1992719,-0.21164949,-4.3378935,2.3153653,1.9015185,-1.4322047
0.5155666,0.07596776,0.75711477,-0.13878688,-2.814617,1.5129231,1.1085576,-0.980796
0.47644404,0.081915826,0.69032615,-0.12798548,-2.602715,1.3933822,1.0188138,-0.9113718
0.7758094,0.122850984,1.1029652,-0.2064658,-4.007956,2.1254656,1.7460592,-1.3389527
0.6025907,0.10353497,0.86669177,-0.15721896,-3.185304,1.6967797,1.3231152,-1.0919471
0.72526,0.13490105,1.0335766,-0.15318538,-3.788753,2.0673501,1.6182817,-1.2647184
0.76432216,0.13939264,1.0958046,-0.19836722,-3.9842844,2.1344125,1.7317027,-1.3269608
0.5435499,0.09407136,0.8034357,-0.13591652,-2.9738479,1.6164684,1.197115,-1.0209395
0.773335,0.13140693,1.1015674,-0.20784266,-4.025285,2.1498086,1.750907,-1.3323648
0.63074684,0.12620163,0.89539254,-0.16485043,-3.3228984,1.7668749,1.4002765,-1.1153364
0.7132846,0.120185524,1.0151546,-0.18781827,-3.7009287,1.9716048,1.5867902,-1.2395982
0.64340115,0.12866527,0.91635865,-0.17567956,-3.407329,1.8179423,1.4482605,-1.1486468
0.8841443,0.14022818,1.2408727,-0.21913297,-4.484198,2.3869646,1.9925171,-1.4860603
0.80068207,0.1334498,1.1285805,-0.20363374,-4.0960374,2.1752965,1.7959191,-1.3627086
0.37346753,0.07803205,0.567684,-0.098545045,-2.179871,1.1891273,0.7971055,-0.78115433
0.5527636,0.11002019,0.80021304,-0.12233324,-3.0011675,1.6500535,1.2062563,-1.0206712
0.5363904,0.092695355,0.7901266,-0.1257279,-2.9329262,1.5990937,1.1726749,-1.0178211
0.66171896,0.13089779,0.9407067,-0.17265266,-3.4798794,1.8585925,1.4847614,-1.1676933
0.8194561,0.13975263,1.1639419,-0.21843551,-4.227434,2.256647,1.8535994,-1.3969358
0.68187666,0.12888798,0.97900814,-0.18287058,-3.5932074,1.9189882,1.534888,-1.2016695
0.67183995,0.12415266,0.9569188,-0.15549645,-3.513736,1.8983216,1.4806623,-1.1815101
0.81035256,0.13178498,1.1444123,-0.21125935,-4.156891,2.2116075,1.8218826,-1.3832731
0.73849475,0.12797433,1.0460075,-0.19171064,-3.8174472,2.027014,1.655677,-1.276262
0.6149796,0.12289959,0.8745296,-0.16738579,-3.248661,1.7237198,1.3673533,-1.0965583
0.4302769,0.083857775,0.6502539,-0.11555585,-2.4751315,1.3593997,0.9309422,-0.8681997
0.7034142,0.13284525,1.020268,-0.19844212,-3.7501345,2.0067794,1.6153268,-1.2514746
0.6353965,0.11494443,0.9174865,-0.17223723,-3.363305,1.7869939,1.4184798,-1.1416982
0.55538845,0.103358746,0.8013226,-0.15017536,-2.9780712,1.5821561,1.2190834,-1.0221604
0.63786113,0.13146666,0.9167479,-0.13925663,-3.3639903,1.834426,1.4229151,-1.1296759
0.7939465,0.1337426,1.1301973,-0.200076,-4.120695,2.2101908,1.8033468,-1.3731375
0.61158276,0.09882799,0.88594586,-0.15507157,-3.2591581,1.7457632,1.3548409,-1.1200349
0.47644153,0.099894494,0.7013139,-0.10312852,-2.6502473,1.4627924,1.0297917,-0.9111782
0.52394223,0.08895984,0.75694895,-0.12441011,-2.8059902,1.5035644,1.1208249,-0.9768158
0.88403857,0.14440385,1.2558715,-0.22859414,-4.539269,2.4305375,2.0083725,-1.493011
0.5629698,0.09777033,0.8152656,-0.13365729,-3.0173507,1.6300865,1.2235548,-1.0343759
0.52720404,0.076866925,0.7699398,-0.1441487,-2.8344965,1.5130928,1.1240615,-0.98280585
0.6520544,0.10126737,0.9458539,-0.16188982,-3.456148,1.8567921,1.4386274,-1.1793717
0.6206113,0.10408756,0.878745,-0.16875921,-3.2497554,1.7334657,1.3471404,-1.1027474
0.7030916,0.1278145,1.0103505,-0.18922828,-3.6891868,1.9694473,1.5916524,-1.2370086
0.6344179,0.12457883,0.9036688,-0.17094235,-3.3338554,1.764325,1.4064187,-1.1282425
0.81289434,0.12893558,1.1600204,-0.20872356,-4.188224,2.2319627,1.837546,-1.3972188
0.49533555,0.13966057,0.73925704,-0.07439889,-2.7549796,1.5547233,1.1216737,-0.94476104
0.7834711,0.12741598,1.1205357,-0.20018835,-4.056694,2.1594667,1.7678703,-1.3545239
0.47939828,0.10178149,0.70233095,-0.1036939,-2.6794047,1.4766121,1.0424396,-0.925261
0.57134163,0.14387983,0.8260592,-0.08962013,-3.0540237,1.7127894,1.2749066,-1.0334089
0.5363747,0.10388762,0.7933882,-0.12353063,-2.978772,1.6387857,1.1932954,-1.0130391
0.74677205,0.12371716,1.0693259,-0.20420016,-3.900187,2.0715096,1.6900897,-1.308536
0.6007347,0.10913077,0.8593878,-0.13903125,-3.1776242,1.7184768,1.3155029,-1.0790783
0.76917946,0.1285505,1.0889677,-0.2098432,-3.956381,2.0961435,1.7249056,-1.3213549
0.78326976,0.12447691,1.1158516,-0.21338965,-4.0382724,2.139931,1.7552754,-1.337507
0.85843253,0.13858312,1.2132043,-0.21841349,-4.3890347,2.3339446,1.9499635,-1.4627199
0.4490898,0.1381352,0.6595461,-0.06657489,-2.490223,1.4150394,0.99003875,-0.8570442
0.6409651,0.124282986,0.93020076,-0.17641397,-3.413623,1.825409,1.4524263,-1.1513215
0.51850843,0.08910939,0.75708187,-0.12596646,-2.8107944,1.5204284,1.1095842,-0.97147703
0.81024885,0.13376507,1.1437727,-0.21870448,-4.125014,2.182109,1.8065587,-1.3717524
0.7450882,0.12995636,1.0669724,-0.19238289,-3.8946326,2.0776296,1.693134,-1.3028623
0.7595091,0.13390079,1.083354,-0.20098396,-3.950508,2.104696,1.7233852,-1.3193125
0.4451379,0.07643697,0.6431282,-0.11547305,-2.430098,1.3058677,0.92193854,-0.8572062
0.66736543,0.12482697,0.95468956,-0.17867129,-3.5052156,1.8694063,1.4978925,-1.1763294
0.6877881,0.12871799,0.97752196,-0.18368085,-3.5934837,1.904708,1.5416569,-1.2066929
0.4311978,0.08199048,0.6342712,-0.10788883,-2.3952284,1.2939419,0.9052639,-0.8443717
0.6450044,0.11588958,0.9292595,-0.18305434,-3.4282951,1.8180004,1.458296,-1.1633729
0.5071819,0.123932034,0.7601152,-0.10258071,-2.8714242,1.6124879,1.1406504,-0.9771291
0.6506183,0.12594551,0.92942494,-0.17140447,-3.4278266,1.818292,1.4632558,-1.1629803
0.769788,0.13370988,1.08455,-0.20221917,-3.9574068,2.0966816,1.7315829,-1.321006
0.6305156,0.120725244,0.8987411,-0.16400538,-3.3254628,1.7689244,1.4079525,-1.1247947
0.52930737,0.11794442,0.76717556,-0.11412139,-2.8925843,1.6060528,1.1441511,-0.9813371
0.47195658,0.11072095,0.6857957,-0.14325543,-2.6259065,1.3972938,1.0506535,-0.90318537
0.5194913,0.087352306,0.76689607,-0.13140698,-2.8568676,1.54816,1.1305851,-0.9832141
0.6831738,0.12835357,0.9727482,-0.18301515,-3.5711868,1.8980694,1.5283252,-1.1952333
0.730865,0.1538553,1.0513698,-0.13263288,-3.8100429,2.086591,1.660382,-1.2803166
0.6726525,0.11353853,0.951188,-0.1707321,-3.484386,1.8579654,1.4694813,-1.1743615
0.77918386,0.1349819,1.1162177,-0.20766301,-4.0377145,2.1491122,1.7643076,-1.3415232
0.7054833,0.13197541,0.9843429,-0.17797917,-3.6347723,1.9332772,1.5614707,-1.217205
0.40722755,0.07413614,0.58917046,-0.10402182,-2.2277994,1.2024561,0.8169168,-0.79273635
0.6706407,0.12886062,0.94621164,-0.17669575,-3.4878528,1.8470243,1.4922019,-1.1710758
0.6258297,0.12662357,0.8912265,-0.14897501,-3.2905965,1.7799673,1.3810297,-1.1064227
0.45209554,0.07861616,0.67887944,-0.11564897,-2.5428026,1.3790735,0.9733399,-0.8969219
0.7219727,0.11355415,1.0335802,-0.1900179,-3.7607589,2.0052423,1.6047114,-1.264264
0.6447015,0.12877333,0.923137,-0.16677386,-3.3985448,1.813093,1.4423262,-1.143829
0.68220603,0.12760845,0.9741629,-0.17802261,-3.5656798,1.8957285,1.5309172,-1.1959482
0.48545948,0.0847173,0.7089827,-0.11039023,-2.6449854,1.4322423,1.0304765,-0.9288582
0.685634,0.11363843,1.0025022,-0.16335656,-3.6383765,1.9549619,1.5480825,-1.2348676
0.66725254,0.12818772,0.959194,-0.17852588,-3.5234299,1.884337,1.4987756,-1.1785262
0.6672783,0.12381294,0.9370505,-0.17891827,-3.4580026,1.8303255,1.4711456,-1.1656665
0.7455536,0.13682279,1.0582601,-0.15319292,-3.8367894,2.0769613,1.6589237,-1.2784647
0.59222436,0.11925915,0.8702206,-0.13050622,-3.2413673,1.7825199,1.3260489,-1.0910804
0.60369813,0.11241478,0.870281,-0.17065339,-3.2388859,1.7249949,1.3527853,-1.0986862
0.34113818,0.078087136,0.50076556,-0.077156544,-1.9494411,1.0625827,0.68673235,-0.7145558
0.78438556,0.12340146,1.1106864,-0.20104696,-4.0145264,2.1244757,1.7495116,-1.3426273
0.77186024,0.11887002,1.0916073,-0.20423247,-3.9564428,2.0965815,1.7088896,-1.3209165
0.81435335,0.13525346,1.1558022,-0.20393191,-4.1797085,2.2293549,1.8339146,-1.3872199
0.6460725,0.10876772,0.9236886,-0.1642411,-3.4013743,1.8282963,1.4223756,-1.1481897
0.7814113,0.13116291,1.1054757,-0.20882224,-4.023237,2.129799,1.7580708,-1.3401866
0.51900816,0.1142185,0.77616495,-0.14211132,-2.940586,1.6035495,1.1891336,-0.99999607
0.7561679,0.12769675,1.0779015,-0.20956935,-3.9258723,2.0832684,1.7064931,-1.3081064
0.6970246,0.12447032,0.984194,-0.18690325,-3.6193953,1.9157255,1.549683,-1.2124444
0.6114924,0.12293908,0.8712904,-0.16323644,-3.2427297,1.7280833,1.366642,-1.0953034
0.55679286,0.102995604,0.80113214,-0.12831704,-2.98471,1.6180748,1.2056588,-1.0192554
0.73486376,0.12418699,1.0546367,-0.20021446,-3.8390806,2.040086,1.6582726,-1.2856679
0.7211951,0.12724936,1.0410273,-0.18975665,-3.7886982,2.0306797,1.6337084,-1.2665253
0.7153603,0.12708926,1.0216315,-0.19329758,-3.7489767,1.9939759,1.6167191,-1.2512556
0.44005254,0.07764092,0.64275736,-0.11542411,-2.4273973,1.3097373,0.9156625,-0.8513782
0.6497414,0.086643785,0.9307861,-0.16418238,-3.3626328,1.7990254,1.3870617,-1.1455878
0.5966557,0.11818293,0.8589633,-0.16069931,-3.1762834,1.6906099,1.3281263,-1.0765097
0.53227305,0.10381457,0.7872896,-0.120913595,-2.9490786,1.6322356,1.1749951,-1.0042936
0.7190553,0.13161033,1.0270633,-0.19362332,-3.7599132,2.0177386,1.6183974,-1.2517179
0.7683017,0.12760565,1.1101266,-0.171447,-4.0463214,2.1997297,1.742412,-1.3483474
0.7704445,0.14258665,1.1024276,-0.20690973,-4.0105567,2.1440685,1.7494378,-1.331701
0.85144186,0.13405672,1.2054397,-0.22188254,-4.353425,2.3193443,1.9196976,-1.441108
0.5917922,0.116915315,0.8444988,-0.16468433,-3.146363,1.670729,1.3178263,-1.0688041
0.8611387,0.14159715,1.2158874,-0.21545012,-4.381329,2.3333404,1.9398814,-1.4500725
0.63882923,0.15344176,0.9294924,-0.09724383,-3.4241583,1.914918,1.4602646,-1.1486481
0.7858578,0.13717386,1.117291,-0.20879494,-4.065277,2.1703389,1.7766968,-1.3481754
0.55092025,0.091237485,0.8007622,-0.13748898,-2.9846253,1.607536,1.2020537,-1.0334363
0.73722863,0.13060111,1.0440084,-0.19815837,-3.8323998,2.0329747,1.6615623,-1.2859938
0.5339546,0.10956681,0.77682644,-0.11940549,-2.9425979,1.6201035,1.1703176,-0.99757
0.7348591,0.1323156,1.0397131,-0.16570784,-3.810319,2.0570676,1.6346877,-1.2709895
0.5532068,0.11157283,0.7835175,-0.1557776,-2.9394622,1.5616063,1.206284,-0.9988186
0.62470543,0.114695996,0.8982044,-0.1701694,-3.2966566,1.7527174,1.382705,-1.1169255
0.7060832,0.12905669,1.0084589,-0.18419124,-3.6815248,1.9567809,1.5845155,-1.229419
0.47247455,0.086739,0.70411485,-0.11347501,-2.619979,1.4289228,1.0259815,-0.92197543
0.72739124,0.13239762,1.0318214,-0.19324596,-3.7622871,2.0062695,1.6288278,-1.259334
0.8208009,0.1509195,1.1822304,-0.1687447,-4.2475677,2.3227835,1.8627466,-1.3991623
0.67683196,0.12847224,0.95752376,-0.1827477,-3.529179,1.8726277,1.5100809,-1.1897819
0.4574968,0.0812338,0.6803343,-0.106882215,-2.5289006,1.375603,0.97649515,-0.8884175
0.5969604,0.12220225,0.85208917,-0.16240963,-3.167911,1.6815128,1.3302072,-1.076971
0.59057224,0.11434245,0.85527676,-0.14098577,-3.1611128,1.7093036,1.3017272,-1.0643877
0.6306803,0.11720076,0.92492074,-0.17265128,-3.3731456,1.8027825,1.4191858,-1.1322932
0.66321814,0.11918309,0.9505275,-0.18169014,-3.4988818,1.8630263,1.4898864,-1.1757381
0.3776049,0.07043499,0.57393295,-0.11394979,-2.1984613,1.1943756,0.79512274,-0.77982706
0.84381545,0.13890535,1.1979927,-0.2163191,-4.320359,2.3047879,1.9078745,-1.435434
0.8627664,0.14023355,1.2225143,-0.22651972,-4.4209538,2.3624172,1.9500674,-1.4559704
0.62479556,0.12840623,0.8928503,-0.17780294,-3.3077383,1.7599084,1.3986834,-1.1119325
